-- phpMyAdmin SQL Dump
-- version 4.3.11
-- http://www.phpmyadmin.net
--
-- Host: 127.0.0.1
-- Generation Time: Nov 30, 2015 at 06:52 PM
-- Server version: 5.6.24
-- PHP Version: 5.6.8

SET SQL_MODE = "NO_AUTO_VALUE_ON_ZERO";
SET time_zone = "+00:00";


/*!40101 SET @OLD_CHARACTER_SET_CLIENT=@@CHARACTER_SET_CLIENT */;
/*!40101 SET @OLD_CHARACTER_SET_RESULTS=@@CHARACTER_SET_RESULTS */;
/*!40101 SET @OLD_COLLATION_CONNECTION=@@COLLATION_CONNECTION */;
/*!40101 SET NAMES utf8 */;

--
-- Database: `foodmaniac`
--

-- --------------------------------------------------------

--
-- Table structure for table `admin`
--

CREATE TABLE IF NOT EXISTS `admin` (
  `adminkey` int(11) NOT NULL,
  `name` varchar(20) COLLATE utf8_unicode_ci NOT NULL,
  `email` varchar(40) COLLATE utf8_unicode_ci NOT NULL,
  `password` varchar(25) COLLATE utf8_unicode_ci NOT NULL
) ENGINE=InnoDB AUTO_INCREMENT=3 DEFAULT CHARSET=utf8 COLLATE=utf8_unicode_ci;

--
-- Dumping data for table `admin`
--

INSERT INTO `admin` (`adminkey`, `name`, `email`, `password`) VALUES
(2, 'admin', 'admin@gmail.com', 'admin');

-- --------------------------------------------------------

--
-- Table structure for table `food`
--

CREATE TABLE IF NOT EXISTS `food` (
  `foodkey` int(11) NOT NULL,
  `name` varchar(30) CHARACTER SET utf8 COLLATE utf8_unicode_ci NOT NULL,
  `type` varchar(30) CHARACTER SET utf8 COLLATE utf8_unicode_ci NOT NULL,
  `price` int(10) NOT NULL,
  `ownerkey` int(5) NOT NULL,
  `reskey` int(5) NOT NULL,
  `owneremail` varchar(40) CHARACTER SET utf8 COLLATE utf8_unicode_ci NOT NULL
) ENGINE=InnoDB AUTO_INCREMENT=59 DEFAULT CHARSET=utf8;

--
-- Dumping data for table `food`
--

INSERT INTO `food` (`foodkey`, `name`, `type`, `price`, `ownerkey`, `reskey`, `owneremail`) VALUES
(27, 'rib eye steak', 'american', 750, 6, 16, 'sujoy@gmail.com'),
(28, 't-bone steak', 'american', 1150, 6, 16, 'sujoy@gmail.com'),
(29, 'noodles', 'thai', 350, 6, 16, 'sujoy@gmail.com'),
(30, 'burger', 'american', 250, 6, 16, 'sujoy@gmail.com'),
(31, 'pasta', 'italian', 250, 6, 17, 'sujoy@gmail.com'),
(32, 'pizza', 'italian', 450, 6, 17, 'sujoy@gmail.com'),
(33, 'burger', 'italian', 200, 6, 17, 'sujoy@gmail.com'),
(34, 'Chawmin', 'thai', 250, 6, 16, 'sujoy@gmail.com'),
(35, 'black forest pastry', 'desert', 120, 3, 9, 'tabb@gmail.com'),
(36, 'tiramisu', 'italian', 150, 3, 9, 'tabb@gmail.com'),
(37, 'chocolate delight', 'desert', 130, 3, 9, 'tabb@gmail.com'),
(38, 'hunter beef sandwich', 'american', 150, 3, 9, 'tabb@gmail.com'),
(39, 'chicken sandwich', 'american', 150, 3, 9, 'tabb@gmail.com'),
(40, 'sausage', 'american', 150, 3, 9, 'tabb@gmail.com'),
(41, 'fried rice', 'chinise', 250, 3, 12, 'tabb@gmail.com'),
(42, 'burger', 'american', 350, 3, 12, 'tabb@gmail.com'),
(43, 'Chawmin', 'thai', 250, 3, 12, 'tabb@gmail.com'),
(44, 'pizza', 'italian', 500, 3, 12, 'tabb@gmail.com'),
(45, 'biriyani', 'desi', 150, 4, 11, 'nj@gmail.com'),
(46, 'biriyani', 'Indian', 150, 4, 11, 'nj@gmail.com'),
(47, 'Leg Roast', 'desi', 200, 4, 11, 'nj@gmail.com'),
(48, 'Shikh kebab', 'Kebab', 180, 4, 11, 'nj@gmail.com'),
(49, 'Grill chicken', 'Kebab', 180, 4, 11, 'nj@gmail.com'),
(50, 'Chicken Shikh ', 'Kebab', 190, 4, 11, 'nj@gmail.com'),
(53, 'biriyani', 'Desi', 350, 6, 17, 'sujoy@gmail.com'),
(54, 'Biriyani', 'Indian', 350, 6, 17, 'sujoy@gmail.com'),
(55, 'Pizza Bolognese', 'Italian', 750, 5, 18, 'nahid@gmail.com'),
(57, 'Pizza Bolognese Olive', 'Italian', 1200, 5, 19, 'nahid@gmail.com'),
(58, 'Tiramisu', 'Desert', 400, 5, 19, 'nahid@gmail.com');

-- --------------------------------------------------------

--
-- Table structure for table `fooddescription`
--

CREATE TABLE IF NOT EXISTS `fooddescription` (
  `id` int(11) NOT NULL,
  `foodkey` int(11) NOT NULL,
  `name` varchar(50) NOT NULL,
  `price` int(11) NOT NULL
) ENGINE=InnoDB DEFAULT CHARSET=latin1;

-- --------------------------------------------------------

--
-- Table structure for table `owner`
--

CREATE TABLE IF NOT EXISTS `owner` (
  `ownerkey` int(11) NOT NULL,
  `fname` varchar(20) COLLATE utf8_unicode_ci NOT NULL,
  `lname` varchar(20) COLLATE utf8_unicode_ci NOT NULL,
  `email` varchar(40) COLLATE utf8_unicode_ci NOT NULL,
  `password` varchar(25) COLLATE utf8_unicode_ci NOT NULL,
  `bio` text COLLATE utf8_unicode_ci NOT NULL,
  `website` varchar(100) COLLATE utf8_unicode_ci NOT NULL
) ENGINE=InnoDB AUTO_INCREMENT=10 DEFAULT CHARSET=utf8 COLLATE=utf8_unicode_ci;

--
-- Dumping data for table `owner`
--

INSERT INTO `owner` (`ownerkey`, `fname`, `lname`, `email`, `password`, `bio`, `website`) VALUES
(3, 'tabib', 'mazhar', 'tabb@gmail.com', 'tabib', '				', ''),
(4, 'nusrat', 'jahan', 'nj@gmail.com', 'suha', '				', ''),
(5, 'nahid', 'quader', 'nahid@gmail.com', 'nahid', '				', ''),
(6, 'Osman', 'sujoy', 'sujoy@gmail.com', 'osman', '				', '');

-- --------------------------------------------------------

--
-- Table structure for table `ownerprofile`
--

CREATE TABLE IF NOT EXISTS `ownerprofile` (
  `key` int(11) NOT NULL,
  `sex` varchar(10) COLLATE utf8_unicode_ci NOT NULL,
  `religion` varchar(20) COLLATE utf8_unicode_ci NOT NULL,
  `profession` varchar(30) COLLATE utf8_unicode_ci NOT NULL,
  `birthday` date NOT NULL,
  `phone` int(20) NOT NULL,
  `presentlocation` varchar(100) COLLATE utf8_unicode_ci NOT NULL,
  `hometown` varchar(100) COLLATE utf8_unicode_ci NOT NULL,
  `school` varchar(100) COLLATE utf8_unicode_ci NOT NULL,
  `college` varchar(100) COLLATE utf8_unicode_ci NOT NULL,
  `university` varchar(50) COLLATE utf8_unicode_ci NOT NULL,
  `ownerkey` int(11) NOT NULL,
  `image` longblob NOT NULL
) ENGINE=InnoDB AUTO_INCREMENT=6 DEFAULT CHARSET=utf8 COLLATE=utf8_unicode_ci;

--
-- Dumping data for table `ownerprofile`
--

INSERT INTO `ownerprofile` (`key`, `sex`, `religion`, `profession`, `birthday`, `phone`, `presentlocation`, `hometown`, `school`, `college`, `university`, `ownerkey`, `image`) VALUES
(1, '', '', '', '0000-00-00', 0, '', '', '', '', '', 4, ''),
(2, 'MALE', '', '', '0000-00-00', 0, '', '', '', '', '', 5, ''),
(3, '', '', '', '0000-00-00', 0, '', '', '', '', '', 6, ''),
(4, '', '', '', '0000-00-00', 0, '', '', '', '', '', 3, ''),
(5, 'Default', 'Default', 'Default', '0000-00-00', 0, 'Default', 'Default', 'Default', 'Default', 'Default', 0, 0x2f396a2f34514159525868705a67414153556b714141674141414141414141414141414141502f734142464564574e726551414241415141414141654141442f34514d746148523063446f764c32357a4c6d466b62324a6c4c6d4e7662533934595841764d5334774c7741385033687759574e725a585167596d566e6157343949752b377679496761575139496c63315454424e63454e6c61476c49656e4a6c5533704f56474e3661324d355a43492f5069413865447034625842745a585268494868746247357a4f6e6739496d466b62324a6c4f6d357a4f6d316c64474576496942344f6e68746348527250534a425a4739695a53425954564167513239795a5341314c6a4d74597a41784d5341324e6934784e4455324e6a4573494449774d5449764d4449764d4459744d5451364e5459364d6a636749434167494341674943492b494478795a475936556b5247494868746247357a4f6e4a6b5a6a30696148523063446f764c336433647935334d793576636d63764d546b354f5338774d6938794d6931795a47597463336c75644746344c57357a4979492b494478795a4759365247567a59334a706348527062323467636d526d4f6d46696233563050534969494868746247357a4f6e6874634430696148523063446f764c32357a4c6d466b62324a6c4c6d4e7662533934595841764d5334774c79496765473173626e4d366547317754553039496d6830644841364c793975637935685a4739695a53356a62323076654746774c7a45754d43397462533869494868746247357a4f6e4e30556d566d50534a6f644852774f693876626e4d7559575276596d5575593239744c336868634338784c6a41766331523563475576556d567a62335679593256535a57596a496942346258413651334a6c59585276636c527662327739496b466b62324a6c4946426f623352766332687663434244557a59674b45316859326c756447397a61436b69494868746345314e4f6b6c7563335268626d4e6c53555139496e687463433570615751364d6b4932513056464e6a6b794e7a41774d5446464e446b30526b46444f554a45516a5930524555304e544d69494868746345314e4f6b5276593356745a57353053555139496e68746343356b615751364d6b4932513056464e6b45794e7a41774d5446464e446b30526b46444f554a45516a5930524555304e544d695069413865473177545530365247567961585a6c5a455a7962323067633352535a5759366157357a644746755932564a52443069654731774c6d6c705a446f79516a5a44525555324e7a49334d4441784d5555304f54524751554d35516b52434e6a5245525451314d794967633352535a5759365a47396a6457316c626e524a52443069654731774c6d52705a446f79516a5a44525555324f4449334d4441784d5555304f54524751554d35516b52434e6a5245525451314d794976506941384c334a6b5a6a70455a584e6a636d6c7764476c76626a3467504339795a475936556b5247506941384c336736654731776257563059543467504439346347466a61325630494756755a4430696369492f50762f75414135425a4739695a51426b774141414141482f327743454142414c4377734d4378414d4442415844773050467873554542415547783858467863584678386546786f6147686f584868346a4a53636c497834764c7a4d7a4c79394151454241514542415145424151454241514541424551385045524d5246524953465251524642455547685157466851614a686f6148426f614a6a416a4868346548694d774b79346e4a7963754b7a55314d4441314e5542415030424151454241514542415145424151502f4141424549415377424c414d4249674143455145444551482f784142344141454241414d42415141414141414141414141414141414151514642674d43415145414141414141414141414141414141414141414141454145414151494442416345434151484141414141414141415149444555454549544742425646686352496951684f5234544a536f62484230584b43497852696f724956385a497a55334d6b42684542414141414141414141414141414141414141414141502f61414177444151414345514d52414438417a706d6355786b6e65415979597941474d6d4d67426a4a6a49415979597941474d6d4d67426a4a6a49415979597941474d6d4d67426a4a6a49415979597941474d6d4d67426a4a6a49415979597941474d6d4d67426a4a6a49415979597941474d6d4d67426a4b347a6769356351536434547641414141414141414141414141414141414141414141414141414141414141414141414679346f755845456e65453777414141414141414141414141414141414141414141414141414141414141414141414263754b4c6c78424a33684f3841414141414141414141414141487259303137553139797a544e5657665248624c6361586b566d694971314d2b72563873624b592b3251614f6d6d7175653752544e553945526a39544b7438713139794d59737a5448385578543962704c566d315a70377471694b49364b597765674f622f414c4a722f6c702f7a4a504a755952354b5a374b6f644b674f5575364c5632636655733152455a34597837596544736d4e714f5861545537626c7549712b656e77316651446c6873745a7957395a78727366713234323465654f476257674141414141414141414141414c6c78526375494a4f384a336741414141414141414141444d3566793635724b735a384e6d6d6646583039564c3430476972316c37757873743037626c585248523279366533626f74555262747833614b597769494238324e50613039754c646d6d4b61593973397230554141414141414247763568796d3171496d3561776f762f414d745861324b41343635525862726d69754a7072703254456f36506d6e4c7164566239533347462b694e6b2f4e487979357a64736e5a4d62344141414141414141414141584c6969356351536434547641414141414141414146694a716d4b6159786d5a77694f755562446b756d6937712f557132303259373335703341334f67306c4f6b30394e7666584f32757270715a534b41414141414141414141434e447a76522b6c646a553052344c6b3456784756587662396a3633547871644e63745a7a474e50346f3277446c41776d4a6d4a32544779594141414141414141414679346f755845456e654537774141414141414141423048497258633063334a6a6264716d65456249632b366e6c315064304e695034492b6b475541414141414141414141414169674f5735705a39485858615933565433342f4e7459725a632b7077316c4e587a5552394579316f414141414141414143356355584c694354764364344141414141414141413676517a6a6f37482f485439546c4854387172697651575a6a4b4f3750624534417a414141414141414141414141415147682f774451542f326255644648317931625963387169646468486c6f706966706c727741414141414141414679346f755845456e65453777414141414141414142764f5158346d3163735476706e767832564e47794f58366a397271364c6b7a344a384e66345a4231596b5445375932776f4141414141414141414143544f4732647973486d2b716a54365371496e783366425478337a3741632f71723033395463766650564f485a75683541414141414141414141755846467934676b37776e65414141414141414141414133334a64623674723974636e3953334868787a70397a614f5074334b3756644e7933506472706e474a6830764c2b5957395a622b573754386448327831417a424641414141414141424a6e4462494a56565452544e5655345578474d7a4f555135665836796458714a75527374787374783165396c3831356e36307a7037452f70523864556561656a736173414141414141414141414263754b4c6c78424a33684f384141414141414141414141665675356374567863743154545854756d48794136445138347458384c642f4333643352506c712b35736e4d61546c6d703155347848637466376c57376847626f644a707632316d4c587156584d504e5639554139774141414151486e6631467254305463765652545448546e324e44722b62584e5645327255546273352f4e5632737a6d504b62312b35566674584a72716e623664575856544c53334c647933584e46796d614b6f33784f774879414141414141414141414141755846467934676b37776e6541414141414141414141394c476e75366937467131546a565073694f6d51664e7533637531786274307a56584f3649623351636d7432634c6d6f7775586438552b576e3732546f4f5832744852733856327234362f736a715a51436741414141414143504c5561577871614f35657069714d707a6a736c37414f5a31334b37326b6d61342f55732f506e48346d45374b716d4b6f6d6d714d596e5a4d53352f6d664b70302b4e2f54784d32664e54766d6a3341316f41414141414141414143356355584c69435476436434414141414141414144367432363774644e7533486572716e4349644e6f4e4462306472757874755666366c665450334d666c47673943333639325031726b62496e79302f664c5a414b414141414141414141414143544554474537596e6643674f643574793739745836316d50304b353278486b6e376d75646863743058614b72646359305652684d4f5831326a72306c2b6263347a524f3233563078376759344141414141414143356355584c694354764364344141414141414132504a39462b34766574636a473162366336737659313946465679756d3352474e56637845523179367a5336656a54574b4c4e486c6a6250544f6367395641414141414141414141414141414142693877306b61765456572f504869747a2f46373255674f4e6d6d615a6d6d714d4a6a5a4d546c493276504e4a334c6b61716950446332562f6936654c56414141414141414c6c78526375494a4f384a3367414141414145557a564d5578746d5a77694f755162626b4f6c37317972553152736f384e453963373238654f6b30386162543057593873625a365a6e6539774141414141414141414141414141414141416557707355366978585a713356786832546c4c6b36364b7264645675754d4b714a6d4a6a7268324451632b3033637630366949384e324d4b7678523767617741414141414263754b4c6c78424a33684f3841414141415a334a7450363273697166687452333537636d43332f41434b7836656c6d375078585a2f6c703251445a71414141414141414141414141414141414141414445356e702f33476a7555783856506a70376157576b673432423761797a2b33315632316c545634657964735045414141414263754b4c6c78424a33684f384141414141776d646b6235325136375432765373573765377555784873687a584c72555864645a6f6e62486537302f6c3858324f704251414141414141414141414141414141414141414555426f656632634c39753945624b3665374d3964502b4c564f693535626976517a566e627169714f50682b317a7341414141414c6c78526375494a4f384a3367414141414e6e79436a7661717575592b436a5a50584d742b31482f6e71634c5636764466564552505a44634141414141414141414141414141414141414141414141386458623958533362654750656f6e447477324f5368325575507530397937585238745578374a4238674141414c6c78526375494a4f3857634d637a5a316767757a724e6e574343374f733264594f69354a54686f4b5a2b6171716670776242686370772f74396e446f6e2b71576141414141414141414141414141414141414141414141434f57356c544647767678473661736662474c716e4d6333772f7546333876394d417778646e57624f73454632645a7336775263754a73367a5a686d442f2f32513d3d);

-- --------------------------------------------------------

--
-- Table structure for table `request`
--

CREATE TABLE IF NOT EXISTS `request` (
  `requestkey` int(11) NOT NULL,
  `resname` varchar(40) CHARACTER SET utf8 COLLATE utf8_unicode_ci NOT NULL,
  `branch` varchar(30) CHARACTER SET utf8 COLLATE utf8_unicode_ci NOT NULL,
  `location` varchar(50) CHARACTER SET utf8 COLLATE utf8_unicode_ci NOT NULL,
  `ownerkey` int(11) NOT NULL,
  `owneremail` varchar(40) CHARACTER SET utf8 COLLATE utf8_unicode_ci NOT NULL,
  `approve` int(11) DEFAULT NULL
) ENGINE=InnoDB AUTO_INCREMENT=22 DEFAULT CHARSET=utf32 COLLATE=utf32_unicode_ci;

--
-- Dumping data for table `request`
--

INSERT INTO `request` (`requestkey`, `resname`, `branch`, `location`, `ownerkey`, `owneremail`, `approve`) VALUES
(8, 'peda ting ting', 'Gulshan-1', 'behind kivahan', 3, 'tabb@gmail.com', 3),
(9, 'coopers', 'gulshan', 'gulshan-1 circle ', 3, 'tabb@gmail.com', 3),
(10, 'columbus cafe', 'banani', 'banani-11', 4, 'nj@gmail.com', 3),
(11, 'star kebab', 'kakoli', '1/2 kakoli', 4, 'nj@gmail.com', 3),
(12, 'steak house', 'gulshan', '1/2', 6, 'sujoy@gmail.com', 3),
(13, 'al fresco', 'khilgaon', 'taltola market', 6, 'sujoy@gmail.com', 3),
(14, 'a', 'a', 'a', 9, 'ass', 3),
(15, 'pizzahut', 'gulshan', 'gulshan-1', 5, 'nahid@gmail.com', 3),
(16, 'Bella Italia', 'Dhanmondi', 'Dhanmondi-27 (Beside Abahoni Field)', 5, 'nahid@gmail.com', 3),
(17, 'pizzahut', 'p', 'p', 5, 'nahid@gmail.com', 2),
(18, 'n', 'n', 'n', 5, 'nahid@gmail.com', 2),
(19, 'n', 'n', 'n', 5, 'nahid@gmail.com', 2),
(20, 'a', 'akujha', 'a', 5, 'nahid@gmail.com', 2),
(21, 'mermaid cafe', 'mirpur', 'm', 5, 'nahid@gmail.com', 2);

-- --------------------------------------------------------

--
-- Table structure for table `restaurant`
--

CREATE TABLE IF NOT EXISTS `restaurant` (
  `reskey` int(11) NOT NULL,
  `resname` varchar(40) CHARACTER SET utf8 COLLATE utf8_unicode_ci NOT NULL,
  `branch` varchar(30) CHARACTER SET utf8 COLLATE utf8_unicode_ci NOT NULL,
  `location` varchar(50) CHARACTER SET utf8 COLLATE utf8_unicode_ci NOT NULL,
  `requestkey` int(11) NOT NULL,
  `ownerkey` int(11) NOT NULL,
  `owneremail` varchar(40) CHARACTER SET utf8 COLLATE utf8_unicode_ci NOT NULL,
  `totalpoint` int(11) NOT NULL,
  `usernumber` int(11) NOT NULL,
  `rating` varchar(30) NOT NULL,
  `website` varchar(50) NOT NULL,
  `image` longblob NOT NULL
) ENGINE=InnoDB AUTO_INCREMENT=20 DEFAULT CHARSET=utf8;

--
-- Dumping data for table `restaurant`
--

INSERT INTO `restaurant` (`reskey`, `resname`, `branch`, `location`, `requestkey`, `ownerkey`, `owneremail`, `totalpoint`, `usernumber`, `rating`, `website`, `image`) VALUES
(9, 'coopers', 'gulshan', 'gulshan-1 circle ', 9, 3, 'tabb@gmail.com', 6, 2, '3', '', ''),
(11, 'star kebab', 'kakoli', '1/2 kakoli', 11, 4, 'nj@gmail.com', 8, 2, '4', '', ''),
(12, 'peda ting ting', 'Gulshan-1', 'behind kivahan', 8, 3, 'tabb@gmail.com', 7, 2, '3.5', '', ''),
(16, 'steak house', 'banani', 'banani-11', 12, 6, 'sujoy@gmail.com', 5, 2, '2.5', '', ''),
(17, 'al fresco', 'khilgaon', 'taltola market', 13, 6, 'sujoy@gmail.com', 7, 2, '3.5', '', ''),
(18, 'pizzahut', 'gulshan', 'gulshan-1', 15, 5, 'nahid@gmail.com', 5, 1, '5', 'www.pizzahut.com', ''),
(19, 'Bella Italia', 'Dhanmondi', 'Dhanmondi-27 (Beside Abahoni Field)', 16, 5, 'nahid@gmail.com', 5, 1, '5', 'www.bellaitalia.com', '');

-- --------------------------------------------------------

--
-- Table structure for table `review`
--

CREATE TABLE IF NOT EXISTS `review` (
  `id` int(11) NOT NULL,
  `userkey` int(11) NOT NULL,
  `reskey` int(11) NOT NULL,
  `point` int(11) NOT NULL
) ENGINE=InnoDB AUTO_INCREMENT=14 DEFAULT CHARSET=latin1;

--
-- Dumping data for table `review`
--

INSERT INTO `review` (`id`, `userkey`, `reskey`, `point`) VALUES
(1, 1, 16, 2),
(2, 1, 17, 4),
(3, 1, 11, 4),
(4, 1, 9, 5),
(5, 1, 12, 3),
(6, 2, 9, 1),
(7, 2, 11, 4),
(8, 2, 12, 4),
(9, 2, 16, 3),
(10, 2, 17, 3),
(11, 1, 0, 3),
(12, 1, 19, 5),
(13, 1, 18, 5);

-- --------------------------------------------------------

--
-- Table structure for table `user`
--

CREATE TABLE IF NOT EXISTS `user` (
  `userkey` int(11) NOT NULL,
  `fname` varchar(20) COLLATE utf8_unicode_ci NOT NULL,
  `lname` varchar(20) COLLATE utf8_unicode_ci NOT NULL,
  `email` varchar(50) COLLATE utf8_unicode_ci NOT NULL,
  `password` varchar(25) COLLATE utf8_unicode_ci NOT NULL,
  `bio` text COLLATE utf8_unicode_ci NOT NULL
) ENGINE=InnoDB AUTO_INCREMENT=16 DEFAULT CHARSET=utf8 COLLATE=utf8_unicode_ci;

--
-- Dumping data for table `user`
--

INSERT INTO `user` (`userkey`, `fname`, `lname`, `email`, `password`, `bio`) VALUES
(1, 'Nahid', 'Quader', 'nahid34@gmail.com', '123', 'hi'),
(2, 'suha', 'muha', 'suha34@gmail.com', '123', '				'),
(3, 'Osman', 'Gani', 'os@os.com', '11', '		os		'),
(14, 'asss', 'bsss', 'bss', 'css', 'bss');

-- --------------------------------------------------------

--
-- Table structure for table `userprofile`
--

CREATE TABLE IF NOT EXISTS `userprofile` (
  `key` int(11) NOT NULL,
  `sex` varchar(15) COLLATE utf8_unicode_ci NOT NULL,
  `religion` varchar(20) COLLATE utf8_unicode_ci NOT NULL,
  `profession` varchar(20) COLLATE utf8_unicode_ci NOT NULL,
  `birthday` date NOT NULL,
  `phone` int(20) NOT NULL,
  `presentlocation` varchar(100) COLLATE utf8_unicode_ci NOT NULL,
  `hometown` varchar(100) COLLATE utf8_unicode_ci NOT NULL,
  `school` varchar(100) COLLATE utf8_unicode_ci NOT NULL,
  `college` varchar(100) COLLATE utf8_unicode_ci NOT NULL,
  `university` varchar(100) COLLATE utf8_unicode_ci NOT NULL,
  `userkey` int(11) NOT NULL,
  `image` longblob NOT NULL
) ENGINE=InnoDB AUTO_INCREMENT=12 DEFAULT CHARSET=utf8 COLLATE=utf8_unicode_ci;

--
-- Dumping data for table `userprofile`
--

INSERT INTO `userprofile` (`key`, `sex`, `religion`, `profession`, `birthday`, `phone`, `presentlocation`, `hometown`, `school`, `college`, `university`, `userkey`, `image`) VALUES
(1, 'Male', '', '', '0000-00-00', 0, '', '', '', '', '', 1, 0x2f396a2f34414151536b5a4a5267414241674141415141424141442f37514132554768766447397a6147397749444d754d414134516b6c4e424151414141414141426b63416d6341464535334d47744a537a4e32536b685a64565a7855554a754d57394a41502f694168784a51304e6655464a50526b6c4d5251414241514141416778735932317a416841414147317564484a535230496757466c6149416663414145414751414441436b414f57466a633342425546424d4141414141414141414141414141414141414141414141414141414141414141414144323167414241414141414e4d7462474e7463774141414141414141414141414141414141414141414141414141414141414141414141414141414141414141414141414141414141414141414141414141436d526c63324d414141443841414141586d4e77636e5141414146634141414143336430634851414141466f4141414146474a7263485141414146384141414146484a5957566f4141414751414141414647645957566f414141476b4141414146474a5957566f41414147344141414146484a55556b4d414141484d4141414151476455556b4d414141484d4141414151474a55556b4d414141484d414141415147526c63324d41414141414141414141324d794141414141414141414141414141414141414141414141414141414141414141414141414141414141414141414141414141414141414141414141414141414141414141414141414141414141414141414141414141414141414141414141414141414141414141414141414148526c6548514141414141526b49414146685a5769414141414141414144323167414241414141414e4d7457466c61494141414141414141414d57414141444d7741414171525957566f6741414141414141416236494141446a31414141446b46685a5769414141414141414142696d5141417434554141426a6157466c6149414141414141414143536741414150684141417473396a64584a32414141414141414141426f414141444c41636b44597757534347734c3968412f465645624e4348784b5a41794744755352675652643133746133423642596d786d6e797361623939303850704d502f2f2f3973415177414942675948426755494277634843516b49436777554451774c4377775a45684d50464230614878346447687763494351754a7941694c434d63484367334b5377774d5451304e42386e4f5430344d6a77754d7a51792f3973415177454a43516b4d43777759445130594d694563495449794d6a49794d6a49794d6a49794d6a49794d6a49794d6a49794d6a49794d6a49794d6a49794d6a49794d6a49794d6a49794d6a49794d6a49794d6a49794d6a49792f3849414551674477414c5141774169414145524151495241662f45414273414151454241414d424151414141414141414141414141414241674d45426755482f385141474145424151454241514141414141414141414141414141414145434177542f784141594151454241514542414141414141414141414141414141414151494442502f6141417744414141424551495241414142364b6f41414b4a514157554a514141425a5141416f6c414143674649425946464141555146414c434b49704970596f697841556f69774b534b5754517a5245705a52457059453467436b736f5367414379674141414651564b415541417043674171705346674b514c5141414c425152524143704669674a5141555141455553796b71414943676349516f4141464a51414b496f536955436941575541554142534b554170415543796955496f696741414173496f53774b496f69684b4a51414153694c41424b414f457151436741414251536741554141414367414369676c51464c4b42524b41417041436b555367414142464557425941414b45574141414141456f63466c514141415569694b414b41415569694b4a51414655454657554a516f41414251414141414173425346456f6853536955496f41414153694b497341414f4549415553674b52524b41425246456f436b57466c4c4c5246456f685379674b5251414b414157554153674141414b5259436b41424b4555517046455553554a5246455563457043694b4a516c416f6c41416f69694b57576b696c68515569695542517a38492b7a31664f636b6656664b37423948752b57785a375a38543768464b4b525246706c524645576d57686c5246455552524643554a52464555525246454157414841454b496f696741416f425377554a5146534b574b4a5642534b4a5134504b2b673470666e39727536506a395830754d337a4e2b6e3876576365733868396d7a30525669694c544b3069694b496f69694b4d74514141414c4155696953694b496f69694c416f36345141565143694b497449425a51414142514c425a51556930674f74366e7a58706548586e336d4c77664d2b6830633334766d6657655536632b7233756a334f765032436c414641456f69694b42534b494141514b496f69694b496f674253416969554f7456497049705142535542534b534b575543695543695543694b42534c5448302b68314f585431664835663757646650787839617a6936583265724c356673586e36382f76642f716479794b736a517a61496f69694b4253464a4e444e73496f696946496f69694c41434b496f6b3143554f75416f4146496f696957694b496f6c6f6969554369554251556c41446b2b6c387637504c70666e2f542b5a6a70322b66346632547265592b35354e506e66642b4e397a74792b6e7931724d554146455741425246414555536846414555525246455741704a516c45555252316c455553675552524b704641417046455553674b414c4b414b416f376e54336a5830766d396a484c74642f4d356a6f39506b776e7966742b632b3733342f64466742594c4b414141414667414149554355415252464555525246676c456f645a516c7046456f414645716b5552514b5252464142524641464b52524b485079395073634f7478786645613676576e304e5936584e365469726c313837736465585a74537851424b41417046455552524645574141414355525246455552524a524648575541436b55533052516c7046455541436742524b42524670464170464534755a48792b483776583439766b2b687a393757657431666f666e6e6f34395363656a31764e343337476239704e53787145554141414141436b574170464757686c51414246455552595252313551415553676f41464574455552515552524b41704c5246456f46414179642f69364871446e6376774e342b4235376b686a6252785935636d2f536555532b3465652b2f6d3643696b555252414141554355514355414153715a554a524645423177436b554146456f4b42524b41704645716b55537152727479394b397a55765263664c63685359386f6e322f6963656454762f4145666c652f3150702f6d666f504b784a6e6c414a6a58455a7876686c646a715a506538336d66545a7059705946455551704146455552524647625952524b41435552524164634142524b43674b41436b5553305251414b546b7839575735352f6e637533612b5a504c31364c6e7272775330383338336c34745a6178394f7a5073764a66667279334272454e4d4c797963534d382b5472363377537a6a6d446c2f51767a6239417a6579735541414141424b414343674169774141414b4a4b4f745141464146425a514251415541414c4b4832506a2f517871664c357668343639377a2f5a3376486f78766d6c2b576e6e63584f73396a36337a5072366376792b33386f57616a69593259352b707a7276454a6e68354f46633563555062654a39764c394d536741415252415757436f574b5259414645416c45714651564b645a514155436b6f415543674b53675552524645334f704846356a3166772b5866356671664a2f56363866564b736e6e2f763841684c4e623475585535766f664d37396e4277616b626a4a77623439726a6e34646e4a6e6a67344f62696a6831595939392b66384136484c7a716c69694b496f6853414169694c4141676f43774b4943414134464142514b5367716b55537152594b4142524b44353330666e4a782f57362f577a30394e3876663165652f6d3858302b74632b613835324f6a323562374857374e6d2b78776230343938584a4578724364626c595874343559634c6d343034654874395758677a724d76502b6a654839784355734141424b4143556b574b4b5a5551424b4155435553616846484251464a56496f464a56496f6c4155417155414163584d507a2f774335387635316e367833766e39376a316e427a6f2b563476384153667a6276792b627a387648714d7a676a76707731793866466b35643966734859342b534a6a472b4e6339546d367345334c363337764879514367415259436b4b525941536846676c454b514141414168786c4a514b4a56496f6c556c4141556c5569695543694b504e6563397034757a324871507966364850663664336642657875664c2f41317839636178724a6a6a35644c316e4a6f36383571634849707a533454584476685872384f7335723748782f5a6e3231526c714c46674b5141414142595252414a594152524141456f4959414b436741704b4379677046456f41554143796b2f5076304c7a4e6e6d3837695a395a3550566653535763726930636a4e4d377a54567a54456f784e634a766a31777939555338763650354c3245536f57574b43434b4141416c424255466743466741415141674269674b436b5546456f464142524641704641416f3475556e35373176646548726a734a3272773874623331346472665332647645315a70773758584479384a7a63614a7738584a775377532b763944383336555259414a5377496c45574b43417155525941695571574145714667414a595a42536b55436b716b55436b6f436b5553674b41436f6c4434763271666d6e653936506c2f5330506e655a39763847764a5430666e4c484a78773535776a733371364f33775979586a534a5a56393339587a2f6f4969694c424b4941466c434c454c4641514141497341414941424c4141734b41554155425355414b6c4151417052556c4155696955486b2f57654c723563355a5a787a6b48464f5748466e6c687874794d54554d32566655656f38523765414243797741416741424377564c544b7741414167456f674149556c42514b4a56496f4649704256696b414b4a514157556c55416c4448672f58655373334c6454453552773535386e57783343394c50657848516e5a34446a71527a66705835682b6a53396c59466846674143676b555145557343417155525941415259415259467046417046414253436b5541436b6f46456f46456f414b456f6642383936587a4770794673575553594f523169396a4765553465447464614f766e6c34346536384c374e6675796f69694c434b49424b49556977415378515152514142414151734330414b42595367574367417155415541436741425a5141447a2f6e2f736648314f5379324a59544e445532525963585737505858687871526e30506e766f792b2f454546674346514346415141536f466967494142425941685a59614b414b414a514645716b4b52524b41436741734641414142342f35335a3665707a363475576b73534c52515a316b342b76324f426575736a484a7870663147645874524b67424645574143574667417357414341414241457041434849556c41704a5141554641414251414155414143684b427848672b486c3632707a396a7164756b704a5a536b456778776333424c7735316b79493976396e792f703561514c434b4941514c41415251424141517341434c42414135536f414b41436b6f46456f41414c42556f41736f6c6851414f6e33506d6e6b4f6c33666e366e593776533770555756416b70466878384850774c7735336d4d476f2b7a37587a6e6f355149414241414941457355424c41514153775741517342413579704645716b5553676f414143674141704b455541436b5554352f7742474835393833373377624f7a322b6e7a5632556c6d707863533970303952326550687962362b386e484e38637236507a76756e7459516c6742414151414b515743434c594145416c67424152594a596469796f6f414c4b41414b41414143796955414c41736f415367486e504d6572383171544735574f4b616a6935353343614c4d35316b7a6d345868342b586a696567382f3661583149675141696953775741424c424b57416977454143414241454344744a5557436771436f4b42594b6c414b67714370514259414b6771436f50682b593950356655695a724f4f62686a665a3666594f59575a7a72437a6a3367342b4c6b34387037667848765a66706f4c454c4173424141515567734167454c41494145416749414f30454155414253554141466c41414146515541414141506a6555396e3476556d6453736b4f4c73634f6f376375615a316b7a6a575469342b586a6a50766642666f47623377525941514355734149414a524a52415259415145416743434233436f414b536741736f414141414b41414141414570434856384e372f774653617a71544734634f39346a74354b5a316b7a6e574363504e78526a39462f4f2f3061587343424143415377425941424c415153694c424c424151414951454f38684b425a5141436f4b414142594b414143774141456f6b734a34443333694b36684e534547645a6a6b354f506c706a6544504679385549707766706635702b6e533051674a5941514b49414341435743555143416c6767454341496432776c41736f414173464141414b51464141414141424a59593868362f793166497a57706e4f736768766d3633614d79777878637646476438657a692f54667a54394c6c537942415262414941434167734167414942415145424151454f38456f4146676f41414b516f4141466771436f4b67734142454d2b653944384d38306a636d64344a6d794d39336f6473334c4b786a654468316c484a2b6a666d2f72356674434973455262414167497342436f4343774341514151495145454476705557436f4b42594b677155414157436f4b6c4355454b5171436f45755366492b76383038686d7a635a534a4c6b787a63556a7654574e4d35316b3473636e46477670664c522b6d7a72646d55675246714151734241734241494c454b67454c454c454c454242413734536f4b41436f4b41436f4b6c4141414141414c414545734d39547434587744654e5a7a6e57535a31445048715233356a56544f73316a6a354d52783249396638416438723669576f5778436f42414241454c4151424378437743416752437843784436466771456f46677143674171436f4b414142594b67734141426d776d4e5a587833522b6e387a5763774a4c44696178485935657831716b4b786e654934357645665539702b662b2f6c747a567141415173424b49424141684378437745434543424167506f6f4b6c52594b677155414171436f4b6771436f4b415170436f4b67454a6a65447a587866512b65314d6b4764517a78386d543758467866576c2b434e53593149786a6b775a2f51667a37323076304c6d7936515641495741494346674943415145434956415149685968394a42554651564b5642554651564b6c6b7131496d6b46515643314356425546674a597378724a387279337366473251575357475a724a326658654e39786d2b4970715a536d65506b7759395a3554304d766f7459314c7042554669466745416751574957514542415145424169466948306d615642626b615156425546755361694c71425546515642554a554c5546515641424d334a782b46393334717a6747704a555a7879594e2b36385237624e386a31766f664d314e617a6f6d4f54427866582b52394b50583678716131594c41494241674a437043784378437843774341674a43784573672b6b68616c4667714370516c4b6771436f4b6c41414b6771436f4c417143774a6e5754486b50582b54732b657a624c537363664a7878326661654d396e6d2f432b4636667a4f6c316e534d627763586336664c4875395a7331704255466b416749494357434167494341694653466b4953466b48314769785247686c6f5a61455552524645576d57686d30525246455552524645555361476337687865593954384a504e626d745356445048764233505a6550396c6d39547948757645566a654f577963504c77456d7352372f66427a7a565552526c71456d6f536147476f5a61686c526d61684a59516769466b796d70495753465a6839316f7557686c716d4c6f5a614757686c6f6d57686c754c6c717069326d56706c6f5a614757686c6f5a6147576869636d46342f672b672b476e6d4e576169575678343369506f657a386237544e7a347a32336c612b547a6365374f5069316b754f546a50626433353330383070597349435377514a4c4245455153424a4335524551514a4c43416b6f3943304d74434c544c5179304d74444c5179304d746a445979304d74444c5179304d747779324d4e6a4d324d5a354d6e4638543776777a79386c33456f3463627a6c3950326e6b505a533538393654347835726a3377616d4c4f516e487548712f722f462b356d6c4c6c71475a71475a71475a5953494a49575a68715a685a6d4a7153466b685943574357435748706c4561476252464555525247686c6f5a614762524a6f525246706c615a614757686d326d564763386d54692b4a393334353430616a4e77544f7352397a32506b5059797a354832666b486a63636e48714e35305a7477656b39423576306562704975706947706a4a764f4d484a6e6a79636d63524e5449736749434151414167456f6a51394d31434b4a61496f69694c544c5179304d326a4e6f6a5179744d585179304d74434b49744d714d35336b78387a366e55507a3257616b6c474d616b656739663548313872356631506e6e68754c55314e304846795950752b6b387636544e354d38574635733857546b7a694a764d6932496955535552524a6f5a616847686d62475a795534334c6f34627a364f7665786f2b306f69694b49744d74434b496f693079304d74444c517a6149304d32694b496f697769776d64517a776448783964624f4a5a7641535752364c312f6c50567975767a35507a5a796365706f684d37347a36666f2f4d65707a63756653395a3252316e614856646f6457647364523278314862683158616831585a696464324b7657766130645858623264506662326e553132716457396b646139696e5a5552524b706d3052524c52464555525247686c6f525246455552526c71456c677945787278784f74796f2b5677392f6958704f7a6d7a723535736e312f612b433969646e69367657504f644836667939546177764679384a33766265462f5238337237357877336c68787a6b68787a6b795a7a764b356c796a49736d36636435744844726d306e46726c30635775536d4c716d484a546a636c4f4f386771694e444e6f69676f69695543694b496f6930796f4b4d7451696a4d31677a307646646176622f503878793576637878636362363263315a6e466e4e727262726d3438354f3539623550716f36504c3933523548346e70664f316e505934546a3465626850712f6f7635522b6878394c4f636d35785a4f6250426737474f76446e7a773165537a6d4d586d306357755853635775585278336b30636435427833644d4e6a46324d74444e744d4b4a56496f69676f696957694b496f69694b4a5169694b496f7a78387554774878503166697238757636666d507a4a2b6d38682b58647a394b486a4f2f365452384a39346646376e6547473459366e5a384f665035575a654848593459346f5763667050682f59723076483834643750573556314f626e547063766635546f38336230646666505468764e5469764a544631544c5169307930496f69694b414d55496f46496f46495569694e434b496f6969414169676f7a4e777733444c5179324d58517931434e444c517a316669655050716450725758734f4c576265445846715a316e47707636584c36512b663841592b687a523165586d707861354269374757786c6f52615a74455552524645555252464555525268524641425246706c6f52524b41455552524647625246456f46456d686c6f525246456c45555259666d48573978354f766d58365862506958302f656a78504a2b68642b76452b702b68597872576a4e74496f6c6f69694b4a5141414141414169774141417a5146496f53675569694b43694b496f69694b496f6969554143694c4173456f69694b4d7a51784f5348473549597578693670693645576d625246456f4141414141494141414355536f4141464555464555537152524641414170436b555170436b4141414141414946704a714555525246674b5259436b4b52594141414141414a5941414141414341482f784141784541414241774d43425149484151414441414d414141414241414944424245534252415449434578594449304643496a4d444e425543515651454a44674b442f3267414941514141415155432f774477764f6c5978664752584e635638665a445549314650484e346d5347746c72484658587a4b2f55745935685a3148796d4373506955747543304a72576864484e657a70364231637355445a314d2f4f44784372645a6a4b53567a445253572b416d4c5270665639446970596e784133326f486e696549426f66584e4341363354796e6456566e354845625570745565495165395a753948765541576b59576c552f3576454938593532564d4b3467735a5147796168647a684938536c7a432f71303944453742556b727049764432675a79417a43673475566151496f4b516c54556c7057556a734a346730534e564f303865466f6137773976724551766179717865574f794b6b3756623741714e6a7842477a68733850486470585339564e4577303077343769705a4c4b636d535447356f6e756b6a38526a636e6872324f6f57764c494777497943307a72707a466c692b68376549684576784555386a5a593278714f504673682b7049624e4a36304866784b4e3356315078454b4f4e696b496148502b6557544a5230354c57504d51626533695878466b367036545446794b7061664d3849597855646a55794f70347165626a7865497661484e2b47756e5535435a5433644848594e684155387259323145727035595a587750696c624d7a7846765274726d4b4975637949526956775979727158564d746c33567a475961394168773850455847706f49485346724247307255717669767369725742566c464d2b4577314c4a76446e4f44412b7478704b535673314b7453717542467342626b73756f554e63577070446d2b452f7157746178506b664958794468614f36663470373278527a7a4f714a7a6534483249616c394f364f52737366392f756d77684f6749455744574d66784f53535273544a5a6e31446b553567344f6c7461335464596e2b5a4539647a73624246345639744d6c2b702f656130754d624178706331794e324353503470517334634f39644a6c4c73305a4f65666f305a2b47306c377a49397873477474795a4b7a697341724258616939517634632f774465702f785742557a47794a7a354b6475636a702b5351336d325a486944486d37575a37624164554e7655514c44596f685732703363536d2f757866686b686b656e77564562707033434b6c626572334a44526446526937794c716b412f354365557a7a39796e646d396d2f4d653235324e6b584b36302f325839324b577a4b6a556d7841617064315250786e61657a4b5865756b78683269395156384b5939454f7964332f41504c585759304b2b7a6c596c4777333038576f76376f39565443486d5350427a6e644b41744e4a7671426158374e39563058354d3775325063645245455264646c315249434e7a73317430565444476c2f7531457643696b4c674a327245764f6e7a426c5473546932774b47332f7958733141626c4e3945624c672f4b7377726b374f37664b692f614145552f384164716839534759535255304c5775644643385030756c63754756325662556c6d7a646d2f6b63656e2f7058326636693735656c735373563156726f67496a614a75637639367562656d674e4b2b616f644958556c4f396f463052316b4751716d7662554a712f636663706e55493748716d69376c594b7937374f3952326f49754c552f33705763534672693030756f4e42706e42385152436332366c6f52564d72614834535676512f75503153752b556441726f374d487a4968413252524b50666253347359503739517a4370564c623453794b487a4f726167556c4d6275635772464e75486571572f544a5857537955666663394537646f4c6e4d6a455566392f55492f774451376f6450726877577a6879756f68303165666956653174704f67766661797857436a434b76735534373662486e562b41616846784b5537513130304a62724462553151487853767a6d32643261694c6833704c6274784b4152545431756a3156314a3052373761584668546541797334636d2b6e313757784b2b336444736a31613330374f485731305054732f724874477779534e61474d3842314f477a76332b796d65766b4233617633644f50532f7a57366477436e644e394b68796d38436b6a624c484e45364358596437724a5a4b2f4a65322f6358795944666239754e39394a4234486764585369706a6330744f3131675162444778766b51673942793771396c6659644874364f50527a2b2b3941334768384572714c6a707a484e6446513145717036474b6e52416348554e4d395630446161532b2b52437975726f4f546b536e4735636554546e5a5558685665316a71717669593247797479585631666d306b2f51384b3155337143536676615137777573646e5759717973724b7974396e5458343166684c6a6930484a316c5a57566c6969466261797365574e32442f4361352b46474f617973465a57526169455279557a2b4a532b45616d666b2f6431666e75466b45556554545465683849314b33422f39637656665557424b456264696a324f2b6c47394c3452715a2b345565333632306c39702f434e53502b6e375a52354b46324e62345258473959657737665a4b504a4737435477696f4f56532f7742445052396b6f393064365a2f4570764279626d583052666a2b7955652f4a7062737150776151326955796737665a4b504c70447642366f3270464c36345074464f52354e4c646a576544562f73302f317866614b50494158476a303530542f427134586f396f7a3048626e7a616a49314636757237554c4d3633776369347259506858575143425677736d68635a693436346a69725346634e634e594c42456236555038415a3452717775304e3672396f717961793641747a48767470507550434e55394778585a785452636a37576b443576434e542f467534624134712f4d646a7470624d6150776a552f7763704b5a7a6e66542f592b45616b5038334965714b6a507963785232302f32506846634c30664b56487a6e656946714c7769704636586d485138783370666165455046342b596f483565593751644b66776c34732f6c2f5450543969503858684e534d616e6d62396b437a6643613457712b59642b51376e76345671512b767a413870336433384b314d637837496476337364373249496350436453483065654d2f4b652b35333079624f6d384a314432334d56455565513742554d7643712f43613058704f59707073343868354b65586a552f6846514d71666c4f2f64764964394b64656d384950564f6267376b4f386670354476704c7671654531597456383858324e50646a57654531342f316370326f5763522f504137436f384a3145665635394b4e7171716a3464527a73646b7a776a5552386e4d5651473162714c4f6e50526e4b6b38497278656d3536547056314c6336666e3034337066434b6b5a55334b646f656c51656f37486b4f326d4f3665454f46787a78666d2f6377786d35447470782f306545796a47586d702f634b7446702b513755422f312b453159745663314e377056376576495556534731583454586e2f414663314c3774566f76463235486252473076684f6f73496c355030715033617147355150376a643234384a31492f52486266394b6939347258556f73687365534933683849314d66516232332f536f6665625649744b33593766705576576c3849314c322f4e516539323142754d3866596f3766705550576a38493148322f496474503935747162626f437764734e394e397034527166742b51376159503965326f6a3646306558532f622b45616b5038334e705875747452396f6968762b744a39485064585631645856316638417436695038664e705075647453396d696875567050666b7572713675722b415677765238326b6534323148325777334b3072386d313164585631662f414b396c5a57567635465332394e74626b3066334731634c30523553744d503162713675722f38415673724b7978574b78574b7857503841496c664848476536767961502b6661595a5163726c70357450765a57566c5a57566c5a57566c5a57566c5a57566c5a57566c5a57574b78574377574b78574b78574b742f48645055754538706b6c767a614c2b626555597963685644376b4259724659724659724659724659724259724659717973724b7973724c4659724659724659717973724b7973724b33385a7a6d736255314c71707770544f48514f434c48446c306d5443744b756935566f74553868564637774e574b78574b78566c5a572b335a57566c5a57566c5a57356262572f696b686f71716c315249786f735a625246794c747356697356524331595a416a496939566e5677566c6259716c646a5634713333724b7973724b7973724b334c5a57566c5a572f6845324471796e616a71464d464a7169664c4e556e437a432f706b7238765251752b6f4846645368473471745947527448533457537a437574504d59726565367572712b396c5a57566c5a57566c5a57566c5a5756763435364450346d562f43754e6d7946704c796a746b4173697375536e5935386b5645354e6761314f2b525663634d44417775446d344c4b364c5659727371536f2b497072713679575379575375723767494257566c5a57566c5a572f6d75475461756c6253724a5a724e63525a7235796f364b716c55656975546448707768705649462f78564f68706c4b45326b675967414e36695955384d726e4f58514e4e797257354e4b4f4b7a575379575379563967306f4d515973565a57566c5a572f6f6b5858426a584169587738532b486951695946613231767353506245796f6e645679426e58596f6f447061797043477334717a75766d4b44484643416f516f52724259724657566c62774f656f6a7032564e564a557575736c66596c577563746f54386b5542636d5531674967466773565a575676423637564f47544d397a7549736c6b4e695633524b6148506446706b7a314270374967316743743461325143655a33456c73724264466b466b6d4d6b6c5650704c6e4b4b6c6a69466c62772b756f7a4d48554657454e4e72484a756a314a5464454b5a6f314f4579677059316946627861332f77424e762f2f4541434152414145454177414341774141414141414141414141414541416846514543457845694242674b442f3267414941514952415438422b706f554c784b6971627a4c366f485753453062547531444d6e696d4b6c6833364771613554683041495655497544555354566835464f424b44436a564153677069726268315a314f4f3678722f6a486a5748424d6d72446b34362f57582f2f78414168455141424241454641414d414141414141414141414141424141495255424153494345786345465267502f614141674241524542507748386d6c5346714342716e39344b59616f6a6c48414b4a34517148393562326f71586a6841496a41716932464572704d6b6c4556556b4a72533541426f784653575368544572554b736d4d415456767733594b63695630674f4d4371637a3578715172436d7467565a5a394a6a656173594868497252576974487349725257697446614b305770387446614b30566f7368576a3132537055314537593253707252364e2f2f454144305141414543416759494177634541514d46414141414141454141674d52454341684d564667456949774d6b466863594641596e4945457a4e4355464b5249344b53735452446f63467a674b445238662f61414167424141414750774c2f414d463757634a344c3576777249663556734e577463745231754755793433424852456877707455364a334563564b4a6250694d70506e644b693239486b70456858395659745a54434674316d555133376967517978626f556c4e7931576862736c66526f38434d6f73422b567336334b6c6e584b4c7a794661564c4f7555585064594331622f35566c716d626c6f77327a55337864453442577530365a796d37677461385a5142496e4a5049594147583249615453476f4e41316967583776464574655a6347684e30373657416852414c67374b41553771476e437437786f313345534b30637042617a6c6f417a42464d2b46416d544a7644686c4f546c6132616d3174745365425554726c5055624d71333269532f79486b71306c783571564c73716235436e4f614b4a6f30696e793370574b322f6a6c4f584658685346476d366a33722b47365038416c4e6332557a6967376a78796c6172484b39573054666667693935732f744637757777576b337546704d2f2b5a536b6531456d68596e46467a6a4942542b55584369536d776b486b705266354254426d4d6f57576c7057445265566f74456852377070315733387a524958314e5571567a734d6e54635a424e454b63346b2b56695952777349774e476933346a3775516f6c586c4574474b306d6d5979584b48724848677076644e5135664b33525239323263502f55546f6a6a717474546f72755044425347783162527861673974787944726d536d45584f6b536934585471467a726c4e3237774649554c5234695a36707673344e317271414f4f796443344730665835414b3161494957722b453652305531745451344e714f354a6a6e38473653633931376a4d726e775674357671575771302f6970596d507750312f75706c536b72646475504654306a72752f4e563535302b5a51346633764154505a6d2b70332f46476b647044643566727a563855447370773477663558435349637774664b3471474f39535a734170614b49576c757777586c50696e356a564f785a332b76535042574e57737a38494f34414a3855384c4b6d687866566952506d6a4f393250534c36334d716274677a7639666e7870626f384c2b74526b6a72432b6b554d48426f6b756c5131635662556844792f58706a654e6a6571783571617375346c474838723775744a4e386770797062734a6c6233356f756f7656366b4c4b49633739456658765a762b71463774316b526849576c466262387331724d61657930677a524f4c53724c6150644d76346d6f5467704b56546b70436a6656376972705657747850313875463744704a2f744d456672486561666c3568614d4f626e4c39614a4e32416f6e512f3368744e74522f576a537871794f784578717474503139374d51744a7030584469707852725972336b393636704a316e4e614969682f4c694b5871574f334d5469343541694e353051706357307952634e3635714c6e475a4e3570505062686f764b4447334449454e77472f5a51794754724379564d3137763559646e6571447a7245564a564165444c63677a3473747033744959465774495448634345393534754a7154556c4f5671474e4674467451476f5838586e2f62494d696e73774e51516e6d5262647a726c436b496a6d67617a5743386d53445263424c49545977754e6a716732633131556c2f74513459306d4c775a2f6551334d646355574f7647326b75596f634b73544453794a6738627052615249697072416a71724c314c5964564b672f6d7044353235463935442b494f474b30584e494f43334e455975735539392b4a556e414871766853364a6f595351524f335967316d3869526b763259504f716230443774724836556d3650456261494d485a4c594d4771306e62525739446b754a7973323765646d53693741545263627a62743275774d386c5035326542684f387553595463545061584b366f7a6c504a4c4d644a4374597277725862416a423253595465703843396e33444a4c526733774d4938355a4a66796b6968743275774d386b7854356b555041516e65584a424f4a38464c375853794f382b553042487745566e513548692b6d6b2b416c397a534d6a7537554654323441764b6246694f6b34664b4d6a7635573079324e3961454f63386b534e797374613764713330574e56675636767239476e4a4d4c76556c74586e79354a6839616b397246647941795444395867644c376a6b6c6e71384443372f7742354a427764344746332f764a4c2b3165577968644d6b78523561344f79672b6b5a4a634d5234474636526b6f6a412b415a36526b7149504e3441446c6b7033504c545469334c554d376348416f4f46787955302b6277476762346638415753752b774932446348617079552f774c496d4974795445486c384335763275795535754238424562694a354b6962413742764f7a4a52356762434b7a47476468446467345a4b59635737412b6c4f48436378734775784753595a3537426e4e4e69646a734966544a4a3548595176556e6a6c734f6a736b78427932455031424562434933766b6b6a48594d39516f654f64636a4675536e6a7a563466716f504f754f6879552b7644395641504b764436354b5051563466576748413132486e6b6f503445563466576834355a52614f646548524a644b374435526b6c7035313264365967383165463079535056585a33706e3977727337354a4871727436476d4633723948484a4c6656582f6161576e4231642f7179535056586436616633437646484d5a4a50555633656d6b2b6f563477365a4a6956332b696b39525869394d6b7866536138543055784b385430354a507658427254586965696d49334674632b6e4a42637945324644487a78662f534c6e50302f4e4b56654c36616a6867617736484935633879614c7969476e3949584e78546e615161473856654372716f6277654a5648387a4f7444794e704f4d674f4b4961663068634d5553624532474e3056345a353141367443506d79464d6d5156735a713335396c2b6b7a7535613769655330746a5a5544547647737a3367424843664135424a5264375446644c6b7451503771366959325144576b7162374b424a6d6b3433424748763841744553317a6a38713479354c564a3068664e573147764f39633749426269704e6335302f4b7236746b315a43642b3678667152514f54517258505064626850376c382f35573454316372494c507772424b6b764e2f41596c4854336e635671754b6c787178473938686644622b46384e6e3856384a6e3856384a6e385659787634325a6538796146704f73614e30594b6370715a767246324f554e4b496533457132786f7562583156626c41776f456938587577576b357863635458354b5452506f746154517365755433466a4a36317852644a726551563676563946796b78685052546a66674c5661426c47634b46443073654b2f787965692b424c71566237747664613063646d7257644564336b7457413376622f3348662f45414330514141494241774d4342515542415145424151414141414142455241684d55465259534278594947526f62457751464442384e4878345843512f396f41434145414141452f496638413972492b7a696b662f4858634a656f59775358456c794571587030686a43736e736f5a5a7534576635715075586f77695751726355354a5065586368496d554a6b6a434d6a68386a6c594f316f3278686c44634c327444762b486a38584e4a695753366b3359664c3269464455614f42556b444968686455473151676e5638494c4f49533763376e67475070783076544b636e5a4559427447684e495a4d7959513735734e7657546f5a584c4a4b3137426f58386845436a2f7744744c3775435079712b4a6f4a436b78704171394a377732475a476153547338492b52494774526f535251344c6a6132354a3766384164782b575a7a704264376a304a496e77677a3253445659457a4c3773533973696e714275386a4a74685175495761394f54635769642f72523177522b61676975524a6d6241795a636d6c345a706846486f33486b5533373439786954477655636853615a436865356c4b6154332b6c483134366f7042424834324e33456b456c3344476b457373674e574c575251776e356433676473694e674a7272537939534e6c4c7933752f4344516a354a4568744a476b4d4d4e384967727345516f556a6c6a4532424d31792b787870654572616e73514b6c504841694f5a6c474b4d4d6a6b43335333464b5a46425463485456455a72776b393448354b67744c49786435684442725a493138696462357577587649584b795175344f504356394d6b4d4d534a75683749595847354d44436d7a75516b74426c534d624e42655a4c47336933384a524c5477305157546a59525a6e5a692b51734c4b323051304e597431653533792f512b4766454a4d6f565a55746c32663273666e59326d4463464f364e306939514b576b697730364e76636766652f67646c445962475243647478453070577131626e776448516b4674356264456e634637522f42614838744247354b5779515a586c5170455339776b71713159513458442f69554c4b7a4e562b656a374a6949793174305069546c58506a75663756425969516e4f752f6a42637a4c7a6e416b67564445686857326a46433832313765446d565257724c4e6a4a4f5a51746275794b4e4e49546b4758753050634d695275476b792f59516c76506b59304d59543143496d396376394570427547764254685362535737485455765450394a686d305769374951646c367157324a3370555373754935493679704d7a3474625930513241336c6b46356262316651786a704f576c795959346566613438414a4e6b6b706579464c396f5a7a38436432426f4952444b6c304d4c73392b43556b4c687749336149694d642b354872554e324a6243316575694a7642626c322b4f68694a4752646d68754f6145704957333871767a3875545a686964574f6c594272354b334673743164374d633263744b373536474c582f3131724772535a6659697334574832576d75754e46356a2b354958614a6179626b4675374d4737776859477833777259656b2b42753347686149614453516674573332506a38395931732b6f637a305343784c45576159324a345662533772396d4945436850435474585535716635704d79794a5163392f5579495777566f4e7441326c4d345178366a5262496e493874736269454f62574246704448774a4f52436f614a5479306e762b656d394b4d43703276456a6d686268325a2f5a6c68626a4732452f4a304e4434457476517562637a4c47686373373647514d7361352b304979347a52737445656773306549436c6d2f704d435353454d5a67787153484c4536496368322b4e2f4c38387673735946495445713770467a313943575a4859677365373646362f326b714b376b736d504f5649306c665350374468445162324669374f74476d49724d515356324d67556c39687132586f61676d744c486367376a6c372f6e72554742314f2f59776442446d477a58524c685451374867794c517375786b623230476247336d323337736468615850384156477a563247625a4e4c656a73537273736c6b5132624479466351394332476b6a4d4d6d52707466726638415054364a66487577744a767436765567557954566965514d445a45646a466252755134577041647075384e34474e695841746938632b51334349467937756a775063794d517953377463523769325354626c2b527538454e61514e735357356c776837554d4b4946495362302f50535336664f6a5049486d347a6f6253345735456b5049767056644d4b44484c7a6a556f61686a6d6548553753324737554c4b466e62456a7a4334334b624c736d687353774930524b49705368453930336f573538795371736f6573796443494b495a5753302f5578623878464936474e45494978446833395a315672507358557432314d536463432f306731496f4e537759656850524a434c53694674546f4e7465412b2b68654e723971494d564a4449674957794c6c6e444730636b7768356f77613946727a492f79392f7a2f41444270434b7a68493448654274366968657a3742456b4a647453467969376c466a577578454f62765a366772596d4a6c7454596968794668577947364531564d7761324e6a30597a64477a304d705261486f575244714c4c7958674261685754744c7663334a6e584a4439684a755353335173636650595355703233754f3844637331596835525a64434e3272494e7463714557426c7a4a4975484d365565654e4f4335774e4133656d56455351715a4a4d572f4752397045774f456b7457762b694f42355668466d33624f304667687a79695059754e355954732b706e396442784d4a534c484b367545695151714c687242464a33516b6f5572507965356d7731705a4e4373737178363950414d677175656e555844455761777271546671614673304e644c2b38456b6a4262425567676e5a457050315a43315a6c3536686f7a685a49586844566832646a5539554c51382f4a654235716b4666705035316a3838306d6e67646d4e5935636875786f504246326a54764344454a4a684270624446696177504a5046694d4d37444d466961366b5465745a4d5076374d64314b7950663272675253474e664a34436756386c6f524d5233696a49535a64795a6f6e4133523548756978765a69647842493869615934646f796142752f7a4c767561766b7834614679724a69745175377747677533442f414e4f35496272635747364e43736d5739784b784c524f5451754333474e53376b5338304c526955742b704d586135376b426356555931636b63323843576c486d7a686a757a554e505371523844673375797754535a744d3745614a647645435969676c6a684253463549303630765264615864446561667068753436646f6e366e3446673249723750384170795155726a31512f594247505a3073646b52674f7953546b6f3731646f374979786375636b6f374d584b487257644734584a4e6430496d676b6a54346a6f6a65767648676135666f68334d61374a522f766b6f366c7957545169357142736652507a54315867762b425a5a41534774334e4949494947694f70434a3158344c4a74704666496653353244524241313049686d6b2f42577a307a6567646b43326f6a306178544133324744585139626c58754a6d3631384575674f3856387849677754563063564436496a727643306e34384574324c4738762b6961677075786f6e6469527533524d306b6173736e773537446368334579483272334154333845704d61306b3972584e556862644447396a7a4732304f794e5569576b397949554c464f4d77717656332f48676e2b51324e56307569524854574853656353727576424d6d7766642f545a6759733048546d7a337265436532696577304f344c326272706769726f316d6f3663435875486536772f42484b4c445232423537663058526f63437a304e78576b393865423858387a6b775930647a486c4f483942315944556459586366742b2f776b45666775435067466844592b59316e6e726b6d724e443650626e34384479547339625561596249624436686c306632597a2b7641375244713039364e4c4f524954365466517a41316a7936714c6c6b4a62736c7632562b312b423278646a6574486474305235374f694b74774e47564e464c4a4e4359327074417661763449517845736f6165704753756553372b6f704561493350714a69796835696a52713332513031505530796132493535646b64786d5244575357362b6e722b656c4f7a54344942413148635a6b4a56464a5a565978306d72305874763358676e3362344852432b73334c373056495272566a4852784e4f337634656e676e4f35664178324a6b314b514a4c346a55316f786a6f624d714952716533355738452f7838555a715a5131444a45584a50696a474d5936486d6e386e4c77544e736e3447364d6d42494377656d596e596b5936506f765a664a344a37546c376a717959486c6d544378526a364c7749695066372b436539447061476877466731474f7541385553456543626d74587431516a416b52376d74474d624e445561437776366a775471636c694a47506f6159394b7365525947736d67734c322b447756334744366444556a536a475049715059346952654357646c6b2f6272786d6a6f783049526134734c74344a5a425344364a7358454c4e474f745a456c656642545063315631794359386f7835556651673355704459304755797533676c6b6d322f5372485234644a4f78304852304979695364656a7a5938457353653158575230334d693935686f474d596f68692f482b3878372b43576467772f656a47534d62683078544d423064476f686d3458714d5077517a6c4671766f5a5645343377615559784b7a3177646d76424b4a476e6832484e4d755648584154474e4d6472555978304f6b4f7a66512f2f536642444f38476e3744485855646e52486a684b57616a6f364e556a656976326543474d676475686a727171392f494865304471786a702f414354562b42324d693435364d6651394b6f33626550596976384151506f5936597569444e422b3367646a4f30575873506f5a7149656253396964502b7366766f5978306c4f3050522b4347537262592b6834486b65427048415133354c79454f7248537962792f6667646a4f36462b6e53385650492f695265535452457132592b70324b304634485a77596149693353786e397a636b634b4d4e6970417449393043384473314f4e322b656c6a456c66436b76345032494630486b693555657776707a2b63597a764e702b3147525234476531553733683643465841794a4c32656f764137474a68424f72486764622f6c6d534c6864426e427976334e585353535366764a2f444d5a736930386f5851777a2b62696d346c336f57642f51794754445432476c4a3771666f77515151515239575353536153545350705239614f714b52304e445242764a46366453377550345a41344a5964695247357174683359384477633166423052575073354a4a4a4a4a4a4a4949494970424242424659494949494949494970424649494949494949497046574d6e32525370304d2f7534596b5163637379385977324f683548614c374f535366717751525343506f7857434f6d434343434b5257434343426a516b72346d46566a77786e38584449494a4e384966364d744443794f682b7a68372f41494b4343434343434343434343434343434343434343434343434f714b5253434b4e44523756386452697a782f4149677644785a384349454d4d51654b4e4d6468386661543054394b506f783968424649494949494949494947686f542b4f7a36494d686b33617767672f6b4742326a69465a476a45724d7654742b70424649494936354a4a4a4a4a4a4a4a4a2b7446592b6848564649366f72485446474d76577939445978355063666c56795059472b67536d52354464737a35365a4a4a714d506f5353536677556657676a70593054634468305a6c6a702f4879716f5248514a5a4d474e3542766d6b6b6b304d4d4d4d4e6b2f6177515151515151525343434f6d4b78534b523947506f4d37625366754f6a454f697a2f624b716b6e4e774e79784f69336f666b6b6b64426c30704a4a2b7867676a37735936594970464936575151596d52513341394b667763716b48595550334c6d4a584e4b504e4d53742f334758585354307853434343434343434b51515230466441494952574350736f2b786243516163363969435a4a797447534d544e66357556586e77486b5647365a454433596c6c7948397338417a6b554546396a6a485848326b786b4732335333674f6536553178634c51636e4a50536b396e386a794d314f575243726f5a6a577430555630676e39683078455545463971775239777472654d30483845372f577a416b3761393968765a4179683871794e315176382f6f6134776848442f6343704938556573625874515656416a5567676a72697169696971694343434b492b7a52396d2b6f5a5461447771646739544a2f4a6f74625530687671395758526f3459314853344c6d6271767279536775785249696961397062524248573654534b714b4b364d6767676a71424856424248304949494949492b6f694a626a6346696c384f5455765935706565666f73454665466b76495677786774304e683049676a646a63736b53634863337769305777376958536c73694b653431616a55594f544a7a7934627944485753535352686c3035456842424646665241454545454545666758736b776d344a617671562f6b746845776e4e45416d6b72496e3563596c546249786366495a4e68516332794f3541386a7142776a34694d456a41645961486d39454f2b3165484d654336736b4c634a574e4474416d747931467a617865694348336b3372505756444c444c4c59644b524a315646566971494949494949494949494949492f414c625956707757504461342b59376775534a3865704c6a314a384362595275794e422b396a334756506652376e3641786e4f2b596d655937484d3937474b33714573495468515151582f7343476c68766d6478614c4c4773636a38686c6b55746b64784d64787175646e41595a595964465339427171494c7078424242424649497048345a6945687050756958506f7a2f4149512f34672f346f7762386f6b775564694b49363462416c733253445a66364e754969736d7937634b6b6f6256546b77535a4354764f504a463550415777614d4f5a466f537442497442644e494949494949494970483475434343434343434f6d4b5741646b39684537763172546c38315849626f4c7368365574754f4e55736d38374964774b75476e4352644b51515151515151522b5267676a70696b644b6366422b48325737485a6f3575436255694a755355745462496269346a2f6f6b78625a434c66755446644f5353776b495151515152534f6d50796b45665431494f4674435a6d3470464e654f4576496745447445484a2f4450516c353978346e77696a2f6c676c576c454545566a386848334446524a72785964512b566361785467526c2f656e38492b4a76396a344d58774c784a57712f734a43684a4a624a51685149457643455567696943434343504345454545454545456545592f2b452f2f6141417744414141424551495241414151784652786846705a396439704246786c68394235647467517768454d41777877773173514578515170556851395a42704a4a4e4a424239394e4a6442394a3542345246706341494d734967633530495155676373776f6b74384d6478464635684e78785a74424e704668425a774d7841634d6767514977636b77556777775167494145454d59414a64684a3139426c6478424239354a6467564e7767776755343834776741514d7755303838673038387349496770464e643578315642424a4252684e594a34677341416334456338734d6b6f345949596b344d384559773038386439786c4a78744e42786c4a3155676774416749304d49454d514d73494d384930494d496741597741635967675242426874526c4e425230684134593073594d4a79544a77594d343838347734383877775151594141414d454d4e4256394e39784d55676b4a513034415173386f613754343034345134554941304941454549416351456745514e4e344d4163344d6f5138386b456f49514d6a69786a7a634d384563383859414d4d4577777730344d494d346b6f467745596749523073416b416b413059775746726e334a5541676b49634949516b7341496741454d30675573455145593038675538677773516b34594d4d46776768475538635155387777417767344177775145346363675141777341776f51454977776b34636f4d6b344a6e6a6e77414d556f414d494545414d4d4555457777674141516b5159416745556f41774955344d41385549496b6277586f4b67384d73636f41414541454d4d45636f4141675934774d493867555941384d3455774541345141412f774368774b484e4e50444444424a4f4e4f414d4e44444e45425045444d4c49424e4941504144444441414c41465049686c797a5430364d4d494341504141444741444b4f454d4c424345444d4c49414c434d43414b464c577746317439327878657235784e4d4943444d4f4d494a4f4942474d4342444d4a4a47414348494542474f4243444743757a53535055536f5277444941414445414441414e504e504d4849444f424a4344414449455045443442524331797857595550624c644c4341414d50464a4742504944454a44434d4445434a48464a434941424d493966334c444633546246414672594d4d41414343444d4e4b444d4e4541504e4d4446474c4b454b464942414a437a46697171754141634a425937437844434149414552434b43434e42474e454a43494e434b414c4f4643444c41486b5831694174474748784851497944434e43474a474b4d454b484c4d4d4a434a454b484b49454f4b454c454e4a6f733432324b43474b51416d4152424f4441414542494146424d50414f42424f4741434c43434d494641484b50462f66535565353852597043355649524f414b45444245424841414f42504a474350414a41444150434d434f466169777972706642476461413553554c555a4453454e4d55464c4a48414648414e474b4e434a43464c4742435653556e324464656177613643385a556651494e5a41484b434a4b495049464346424f414a47495043415864435a576359574b7930306277624e7152565a5165515258474e4c41414a454b414f4a494d4b4d414e534558635a58626551625a30555958436f5a657452645955415954635066454e41414d4c424742434d464e535552655a515a515a5859595554595765464a6e32476352635355656451564d52504d424f42474148414c515a5166576659565151666155515661565453636544614d54575a54645154595a5a41484144474e464f42494852636157635a5859536251515a66547941565155634a65445a616352535654534941484b414d434942434c455a665a59545859526659515a6355525a384c5755615473615478596353526461524d424f4a45414148414f515755655a55596666625359615651556679596a5753635141656167615958515465564446444d464b4a41474364615a625152666551525759665865515135387356417368596948566166545663444852484b4b4249504a484c59566156665951516661555162615153515954417877616141554b526159575a6156554b4e4a4d444d47424c43525552586362535a54545763626351515154654c35735a474177715657555163574c47434a45444945434c494158595157595266615258665a595552535152634d4d554d434f5271645165554b425045454c4e4b4f4b4841474f52655a586151546666655251525255535a55704641384f4946594f52515356545043464a4749454747494a4a44566155665451666662515563556366555152684142364645372b4958565165424b424b46454f47414444474a4c5561515862515956656651516666585951624b4e4146494a347a465a5a414449434c47444f434a4a4a4a4a4950516362516466525151635a545454586354616e494431384a5038415348467869436a4451517741695468697941676d45334755306e484730306b6c57573032574d7850394f53673064476c5169524467426968517a52525179426a55584855314845556b4546484848564558486a4a656e386143632f2b415141546a6952427a5252676768525143423357303348453030484847454648474656677373736345432b4f4f677a695278434269435152686953684441546d45316e48455530333333485858303245466d644d45614273486851777952695351424269696a794168515141427a674242546c6755454541304546484267614d4d474b4d4d6e514151685243694367516969696767685251694377414479315241415152317a777779417872334e46636366646679524169436979545252784369437a56307869417a6a674151536a44414141427742414245634645746a6675735453427a534268426868684277416d566e417744444151777a6a43414177777777784169654f636d2b704d386552516a52514354536a41434241584847317a7a694141423133546d6b6b45464833576d51635a4545654759455646415168776a414142677832306c576e6e33306b45454858334845455530335648464556734533504d4f4e46484d7952694368676777433248586b4546563147454530314848473130306b6b48326b3148667663667450636550664169695378336b6d6d6d58324731324858324545466c48573230456d455830306b30307664397638764674464d795431415648333148574656463046554755316e4545556e48483230475730454745465139572f636c507545644377516843545343556a41446e45466b46326d453245586e58484555306b4846466d5863774d4c65483063587257566e5643467a7a415548456c466b583348463046323045582f76384f45476e41534a7a345243376e6f7a5159456c466b51685233466b456c5745576e326b48554e654d4e76762b2b2f4f4d5868595a3574654e575641556459554357323046466b743876634e66382b2f38746373742f4d634d4d7350634f4d63394f506650734c7735484278303365644e38754d4d642f4d4d4f4d4e504d3950764e4f4d764f4d4f4d4f2f4e764d384e38387441774a6a6473732b4e2f774476505044444444332f4150323777383379302f777731797a7a2f77436339506563764f50734e6665754e754e65384d4d4d4d4e2b384d644f662b384e384e65734e63382f7676507473746538383838667465383863736476756550504f73734e66383963384d6638412f385141495245424141494242414d42415145414141414141414141415141525542416749544178514742425958442f3267414941514952415438512b38722f414357735946385332673078526d7268422b347171546d6333555374454156596a7859524f5936676c643469694175565557344d536353306a786e4c784443724d53634d416c6b492f73567468427849434556586e594d3834465043496167705452616c336f59573555415367754c626f753830506638414f582b4d6648556148766a5463437479796d6a30476837374c6d30517132496645546e6e714d41634e7851616a326147347766344d507778626f6c2f4e566a334775323851376a51383456382f4e754d504d6361366334703644437572696e6f504f466361394268586f4d4b394238753431304e4443757a383247466468734d4b3743566948595278447349346832455934736a73506d6a75715637784b32314b39332b5369564b32586f532b692f5975567263755844526c537177566449584b6a757643476c34766e537672662f4541434552414149434177454241514541417741414141414141414142455445514946416851544241594747412f396f41434145424551452f4550384169475263746b724555524a796d6d496d3069783868317956732b474a4a6f524d594665524e497a316c4953523646794a70446d5166524b436e4a616e7765382f424f7835364848412b53314b6762454d59663649776978386b69445a424c7a527152714f4368574e4345355534536b536a50334434555353573253425668554c30627a4f6a2f766f4a54516d46696737306e456a722b2b42416d326775614657697a34502b39574e53614576344a31597969566a352b44344439554338456c7749677733356952586c384a554f6d517a3078612f6374385130504537504434557a69655a4a496a33456b6b38693259316648786d434d5069307a4f6a4858467073385069716856717a35786e51712f42337731597866672b492f52596c456e703778365a5330593634744e3250693033592b595936357038573334506971394679537654377956657172523378565769656a34744d735635592b532b36506b6e6f2b51597856686a3471797835506a4c4c48677376694b39474b2b5172305972486c3378324d563650694a6150523050687a425030524a734868596444344d44466952424744776d6c683648775a50447a64744a456966684247592f4350356d384a4644784749347349384a2f7741742f3851414b524141417741424177514242414d424151454141414141414145524543457851534252595847426b61477877544452384f487851502f6141416742414141425078413536482f4168432f68337a4b51682b79476e556948303378716345466a2f4c6f6d49534d6d4e6a5968395462484852446a47687830513943582f4d626b6e5178624567387a2b4a64383052546648487a6e5845364f4d654d3054776a6e50474e546e486a4b5762377878304e596e6e6f6843457738376b376a78436454527554584d70365138726333784a3173544665546e7058542f6e31336f38733430462b54672f574751684d6647455165457665553954676652357a766c34573250374a53434e333038472f5443457a44304c702f6f386679632f797a6f5365466f79453664737a6f676a396a315a3549513245635a5a6f65434776497438766f6d4a2f4a74303743782b387768436445784345463551733734687a316f6e56426e42726959524263394377314d497550492f52766a2b75686642796359614951656d4e694778434336706a79652b69592b4f754549534549516842434b4c45495458705174786f70446b6130777961454a6d477043584d7557512b4d51617a424358676d75755030544d49516d586862596e562b68645047466e6b6b7938636b4e4d65635248596e6a4d365549327a38595969587034466e31304d6d706f516d767751574f632b5364454e7a3939504f4a6966397874686458485278304c457a5a6a5166667057467669597550474949524a30626e4f4f64426b4a37787a30622f58486f754a34784e4f6c3458387a366f546f57476542595478506734365965436443524d4935466e5a59354f4d5158624b4a6f78434e7351323659544f78774a64505052786e516d75495168446756784e44596d4a6a6e434f4d51337a505a43457844374531456961434f42776d76546f516d5954454a6a666f35495451334a42457a4e43454a6d636b354a694349516c4a3969454a69452f696a4a69657964433146306579595331366f6343524e5261593149516e6b6843454a6961434949396d2b495443454a775153494e454569614549516b49516d494a676b516d476945354a6f5168435a52434549545161755a722f414166586f327a43596d647a6270755037365066524d7a454e5259765243597654435a7652656964554a304a644d49542f516e334951684d516843472b5a7163465a5436346d704e5345495445784d51684d6f683839487335772b724c5631666f513645634a576c376b537132664177554d2b482b5331377545665563366846577550787a3859322b446e4d31785039535a67305455684b5168782f424951685042734d6843453666316a592f77417569544d4a6a6266454a685042377774695568434545694549544d4a694d6d49526d73414237495a7a357847727966384152725857316a72724c64593354385059307374576e6f576153723465794a645261576c766d453355344853684f48716378342b704c2f776a494a452b53556b524f35462f6b516131354a684b7645682b69487751676b5168434549546b68434549624d357731684d4e45493838346a4a7163694a3057464630717651357a63635951304c316c59677843494b4347664767787754615868657848614f35716d68707658635733702b666b5a52473474655a2b7a5558466f4c354b557062364c386651576551764968486f6e7364385472317648326d4f446b677a595243456a457154454a4d2f73314c7030626d6a50596a636d654d7a4c494d6e6e45506a716838457843454951684f782b38616952344549536658487869655343582b704d4a39735168526330432f7741646a6b2b475435456136706f6b625132536f7451396b554a544e534e4b4951354d6170312b6f2b385975765475617331373178734c767272612b672f79657351334a69473262447a694578435968434549795153497753506768426f6d684348474a69596d4954453649516e4a44354961394537394d37454953764531784d7a4b5a42796579657a6265684f4531706e7941716d57343762743448424b6b566f656d7473664d47356f6e722b5363325439576e374954454954454a71516d4951684345494a454a53596b364e2b704a454a3077676c30544347695a684d516e6a43495168435a7063516d5951684d4a71643176797150615855336c4e4278446b626733512b52345a62392b44586e72303842746651796a37764f704e79613451734c45504a4272584b3649616b4769454e30544345304a6a2f41434e526f6d49516d5954454a6845396b4f656d397a676843455a47512b4d66556843454569614545695935495431735169374a374274526564554d7579743335476859484b6448594a5772624e385969587a3451316f7a77555747436d776f774e44386c7865654255715a465772316376734d62682b514a2f77684345714a424c4c575a715443454951684a6b684f6a636d643837346d5a6f516d5a63776d4a2f30684d776b784d516d75494a6143524f6945376b495432542f684f346b526a435361424e453575545839713271384a627861695861536248743346706d6d506b5a4b714e556d2f41356e58536d2b6a65326e6330676a6c2b7774464e68544f5647494d704974585a69575646766447515759516d7046334a68435a2f32324a4d507a30626b77684e53596d4577305951684d74455a79536b784d6f6843454954454a686234586245314a69595734756d647943454b304771594e6f58364b2b7a58513262735a534936446579366855726f7233676c62746649394b6d6b68495431304a6e494551563148476c4d5657586262744e58694545756c46313664383639457a3778357842596864656a584549516844396b7a5073516843457843454951684d7768434549784a345768786843495168344b526964594f465a5a574b625172625435486136584c5666486752754447304635485a396c446d4a37384c567338305532456b6d6c33334954454954536b4951684d7a37356844366b34784e4345494e454966336c6e7361304a6d64472f367a4343495447784f696e31453663384878307a4645744d705967305152354f4d6234596c74734e6277585671336446794d715067517058634c7578726d4c687267593757304e49564e736d734c595361452b6f7453384635744754357a4d544545745345494a4842435a334a38454a3038353449546f6d4869454951572b49516d4954376b524345495168434549516843456e512b69454966584c7272665665786e5532704e4a6a79306d705878656e537034633062364247733066316b5161323430645879725165317a643748434e522f63354c31776b4e746839573356714b34684d4c6f657653313449547350434954556a4936526d324e69596843454951354963454a69596c784b51537a345a44596d6d4e7878726f5456445733484873782b71446b305a6f454c334773554a6478694f2b7930644d304c524c6c6b526a6c6e5a4368744173713236534c6b7274785467376f54556b4a696445494a4452434549516d68474a45495168435968426f6843596e517a2f623539435764737a46365a5345486a325458624549544d495168424953495345494c51616f5739556d6a517848647a3545366e63616739764b3773526239574e51342f77444a696b684b545968717179375738654266552f5239664372427a756a676f562f78486945784d33477549542f55694a6a636d6f3054434547696143365951684467325036793168596a493854453149545568435a68382f59353935317836784e53556b776845495153495167316c7956653550734b532b53427544425965676d61322f5a4a6273676f6f31647176386345395276647a6846334e454b364c6268515775665062746639452f676a2f6759492f52796335577178786a513436456635484239427651534a7151684e64434d2f5a43486a454954347a4434495479516843616345466a57346843616b78434549794549515330456579476774756959395957454a2b53634d5568614461376a2f414b4f2b3030304f2b784e374c79624662335857336a73477442743849657149302f6833666c6c465a714532573432796a51662b69506752493066345067586969706c52434549516d497a66454954516769596e32494a644d7043457a4d7a45495445784f637859684d657a5153496143524e43596843544348474a446243797466676d70434546327873565a305a336272703554312b706f3941573158677638516d4a6f33664c64322b523375367365313946336f7239666b4a746a635a392b56627437696c7365643335457250774379387a6439666368774a334c5432636e732f48524345312b436164454a6a636e6644576f3066764f324c7162596655386139552f4a4f324a317a4d4a6e34494e454a68496d503973526469512b63546f33433950694636416a57537a5579315831496d52447270674c564e373637316a5132427262562f3750432b65324c7a42723264787357697573392f4a6d7959465548507761366b306439464a706149524d6b62736d542b6561346b78486872386b4a6959684359684d6569596e564d5448786a5a6d34737a4d375a6e4a4e435230756f695930573749496e6f6945686d6c6a75794a436f4b306466632f516d63393754776342584237783375507639787773575852584c7738654b58704434665a655873614b766a53646a306847464b755250534b6d32347551343132467252726e734f6c37487162592b6d4e54776133512f54386a6b614e5633626c764b4954706843454954706e324951673054713378394f686d324a6945776b62452f304569454a69586f5a4347776c3077655762736a566a354a30747232666c6a67324c386b496b68315836794e3753764b54334f4e387743634b3362685049354f733637522f6673524c6259614f396d6f6b63506474326f314a724b334f5964624b643745744662337872386f56767a524a58565a32354e6e48673351394e435369477730426f324674344762476733564462324a4e376233315834496945362b4d363945494b356549516d68446b3149794578435a32317a4d63472b566d4451317954584842645335337a3338313258746d6f6963626e3537445544736f68374272734d676558523334302f416b626f35733231632b6f6b4a5645484a3655666c31572b6b5831456b7446737577334558745836534c647461743534464c74774f6a54612b375239536c4648586c69314a74785772446d43692f6f586737364567516c584e52623861317368567365782b785874503564496d494e2f616235676c7077655249573139554e66745279364f376b78457738546732364965736334314830376c4b584e36495038596e764b49516d4962454951676b6336454953453745495272486b33496831712b707746757737336f4e49467676634531736138796f36503376543644514b766f6f545077476b6d30695357695271666f577863446d662f414b7774786142786f69394a56713364445578546165782f5a4443564248676d6e35583942437a54556248464564542f4146616a524a753268594f43627547695576456a6b49573855304c5957756d784e74714e6d72474d314c417431344b50376f6849382b69642b6d59614954516e3844365067754e384d6e62716d5a6964613177747a304c385a68424b4d644a6f794e56374779754471333552566a6963423644632b52736f4d717033797930517447324962324a4e6b79693630323546794e4662493131364e2b52384632456142314a473134577063396a65704253322f414b6a706c57662f674b44576835504a384471545a445463676e6c6e427650396c494a4452444452677a6c4275586e4349704e4447474d33734636733436654d516d454a366455494a5a684463684d4c4e365551687a6849516b54676d49516e5853394778434939443250474f616a58722b6c3051367a7748476b5a46343354766e632b692f4a77516e3247785655744f3654622f516e6f49374f584636497156306d6e7354435131353539434c77776d384e742f6731467466675146484c324a45534b48395165733048334736302b7762717668447269445252626e61486b2f4649644e6f6f75785179336c3952382b6a5576592b546a6f7654344b55357a367a4966584d78374b55704d62457a4d4a592f5a3649516a495168434549516850524249656e766f5856485037457542304e6843646d4a4f456e64386d2f6c4e47346b6237437472657569714a2b647a7357776b443737583643613156364e7163623559766c6e3050384132706350324c52435a334c6141304865496e5733554e303532524a6e6a5a756753712b7968624738413255316270756245725732374334534c3553562b63376b344a6d4549516843636b3650544b4e3470546e4e3659656354457a436453786f513536345167365958384566515763745365694e5075544b476d764c4b43354174452f33425278597038666b4e56664b4a4346313779614659684d4e32577447706c474c634b6c4a61742f502f68634f314e794550664358423769712b343133487245342f4176625673717a72705a526478587337692b3547704666346147776a39416c33704e49317a373746334c7844736b506b6d7667635751456647672b4d53667738394d365a3054456f384e633470536443524d51684345396b49516834466943776a6e45776c786b6b7857394154744954744365664f6f344562734869647864384444486a62716a57377267304e6d5772304e73593137734d547444623364736e6c3979454961732b6a4c544e4176476a625a704b745579543850367639344953376a725a2f516f2f7743325331576d5a6f792b4546736342616b62544c736b59397a7847686659634a5235656f796d2f586a43436e5a794e467135384a7057524e4369576958676850344b63346d4f637a447863664852715239686f6843454635494c457a775131782b7945784f694d33776d45494c77653567744a2f38415358674f77507554573638744278527054617235624b62566e626435596445625469386c68766c3245766252315a626d704162456a692f6f662f55324c2b5262665a444a396b4b2f527174736b6b334e484e614c776d6947364a5771475432486f4e787a5774376b31573754646c506f6f31797a76577a465a736875614d6c50425a786a4b7a4e536372584c354c517262727a44396b317a3966344e4d54515a4f357a7068464e78434b62343845476945754a7a69454a6f5443784d665443337969614549516e523343396f6d6e336871657073452b7a475a484e315656654f42313946436263445144543749514e31472b355753693733493372613661316774546853736b38647576763445514e65797965683865357038453975765067577632516a344270596272433255512f4569442f4238694a595866592f345556374e522b6e6447766b464b325a6432787573536f724633593078707a54732f374e2f62716d7043456d50726e6e45364e796a48434549785a702f6d4d755a68454a715454484f787551684f346b6b52454a6944363073574e50734f474c786930463978754e567339556242513332554777632b78554b2b783351354538652f61484e6d6933506c2b45745234686a6d746d375971667744643636396d4d544a4244716368364a726843314137614474685751323556764b67306237757739342f7178556b543967562b5a396a644a6c6d776b61707275323468576c63386e792f626575485950454963454a6a344754516836513054455449664275544d307878735135364f4d5153385952746966636d452b636f6850395437346e38454a5343325a374d74694b6559496d61593256326a324634534653497572754643336a5662416d762b7772614e36552f4178562b6863626a66683846476b2b4e422b55475a4c6e6b566f4531473771496b3956756e756875586366614b6b61354e6354314f37465442326f6d2f573639476d6d322f522f305051322b5337435a3749754e657831395054376e66672b423434366f4c6f354e79616b486a58453549546f3436595475534578502b596d5643596d5a6943575a69454a725345494966617036584f7a374e6667306b6255304b396857664b6d4e366548756958525771326656436d4a4e6c4c73395375686f667468574b6a6549317a62765959744a50572b6534365842713074786d677774755236714c374e4645306b5653534a323670475338576f536f317a3166706c456e7945534e467638414a35396c6e5338483246494e6d347973384930784b46394266635444454a71547168445a48416e68376b4769667738595a7a6f4b6c36466a6e437a486a556836495168446a6f314e656c4846573064303947586a587471543066306842567978707175346b54794a42744263687065315a394275646d39574d54333046666b614d59574d2f6f61323169572b4f526b767744527a5771454a4b313233687036467449527563614d657557726274627365717445652f594662644264666e2f6f6869377368693245313335775969654a50776c693470546e54504a394f6a636d453855766b386a787166424d544e6d614e39454961455a4d6243463072444e4359684f69454950326959634c752b5670384463797932466f686b336d327768625a464e37556175485456552b7568744e6a52706245526437307943666e4154542f414e5965696c38722f676b53656a362f5563783948726579624262533238506b316f30466b5a713832506c45583056495161454d35364e636578693948312f686657316d6479646954457844364530456943784e434549546f354a6d43366c715554614533543454796e714b623439476a746b384d3067345046544666526c364e51326e374c702b78754f70314364476872734b38624772534d35486d6151714b34766b74784b70326145624931696447795a364e78695433615a644d5672334c562b6a673349544547694452423539596d68775050786a5161784f5434494d5254664f6778376b4e795a524e534832784d7a4d7774387a454a4d735377754b53644e76306e396d4d524a335a6c77505448396f376d6e386d364c303877704f523261427361764e614e44614e614e4d53747a5437694777624569513062484576316a6b542b716e7553583247684337723978526e3331474553442f414c4d7a786d6e72447a3938384778354c6a633236626a67684f766e4336456359537a4d616b4a6e324c6f67745348377a2b4d50684a417a524b322b483347744e7556717651796d336463506836763451395739445038416139376a73796430452b34712f774442446468377771576d32305338725965314c61614665346d72734d357950496c4e444250332b534c6a61477746542b51573045616f6c4c56555559744e7a5973574f427a353338704c37504d784f6c6d2f505731425a394449506f7663334775656e366a4954434551684d4935456a58746a544349516e304951684d7262435749513774326830367954454b71702b77484e574f706c4962745872354b7769624e6e796c72645430615467344e5263633834476f3363636a4b4f79692f78324a6d4547734e47703845365075516b787a6e6b68354938536a4a706a585042746d616b4954484f4a374a6865694549516d684f4d4a6d335274357769544d7a73552f797873636f4b6a39732f7044466c4a4533516959614d48617773786f646731715447345463326b2b6c552f79756a32542b4479544f684b5168446e4876447a76386a51316a7a2f424d724677744d6f754c6a3634676c6c49684e435938346843454a446d4571645a384a507a52355251324757556168396f38526f6164796f626957664b712b36786f54464f63516a2f41494b4a6f375934474e4549613963504a4f2b59634577734a6543454e795445764a4249684361453649516873512f424d725445704a68622f593376466e3250754c6f4e30534d624f4561574d7446714a54567065786f3159344e62707236312f427758466c734e5130636951776d496e78524861616b665844524f6a6a786c716e6333476a6a45782b7a6b702f6c686e7a6935684d51673168454a53457a436443777476343569664f5a307a5530416e746532763254463648597443724f77537a567a586a2b7a6d61743933714e4f7768696d6165777855535046715a7142556e736c58347738306f33305534506a454a695a2b6377687231506f614e524a6b4e734958766f6850474f64636163395830495168434549515859304954484173682b4469534372366343376b6f68636b6c7130744b4a326a5a32445563614d323058746a304e7668526b4a61696b2f5264334957776c71542b372b36332b38613561314a7268342b636135754b4e6a7a34484d3034786f756d346535424c454e43453845496245495477516e4f496959676b4a457a446e4f354436346d5a6e74476133545639555130306972484737716b796a72702b52376b704a36354746553977624151333771664359373176334353424534516d6a4e647542616879636c313767766147324769596849516843484759657569452f693377384d75454c4e364b55744c6c5a3849534a2f44533659756161394f36766f58374630544e5131634338424b44324e6a4e3565575055454558567372796630336a6365506b393533364869345a4d73334950635a50424d512b4345786f79454951574954544d30784345784f6e395931364a68342f65456a695a5a38494c32434c5a6a3548344871384a6169505a737862507a5261774a703645613852552b6b6637473352662b346f35303247354d2b63386a78536c654e6358462b343874394b4f44324a654348424d70657a544d494a644b3338462f6833495139712b77722b54785177335a45764c7774516f314e734e6a7358776d4c64344e75496e763947526a4a747a55512b6e336c4478734d7652383470522f4939796c7873584d477a366e364c4f69596e5368596d75684436644630327875516e5435364e4d7264495676695454394f666f2b6b785a2b68426e42424968423465433145316271776d764475622f41454e564b6e62775666645a654e2f3462304d65626d4849785a737a5273533659625975642b71596d503254796473546f6843616b3835545772737451786a757839746d6b6468457833454c443345784677304738483176614c4747304f3474306169312f464f494c315539394778775471706577325734766b70766c6e42386d78746c754569596d4a53454962434951357a4f6a664f756668357652355a6e334832786f65316a3031486c6f676b795159626344567862367876593955636e497973656b512b7266724d7850396351684d767066764e36583074444f5339464830516e5574657049585569544f6d494b4c45376574663465796249395145634671584b657042733377396a744e4354374e47345059354f534b7a692b5155514c2b4454454a6a6670655869452b6d4e38334c3835684343776a66706c4a4d54503678364e545845494c624f2f736d5030656a62444f354a36673367676f2f7a6f6d4c593477677445706a6e424271513164686a52794e4b725674324f4a477944626e504836463953586f654b5646785273707a72686c4e4872304d327a76726d6c4b58515a536d2b4576344c68476d4e38657569454954457a43644e6f37765553584465556449574e3833304d51306655314d3247784f3578482f4148795474617277587553764c47353249594b796e4b3066537638415176493858464e65536e4179366c78637a4b7779447870304d66596c476a354c304c45496945456961457844305168436677726f334f4d54434d4c72596b6536484b546e714a56365272794f6144364c526f624c7277676b4e53387332372f4a744c5962526a324e69683731456a5a6579304e303558636139767347726d6a5636454f6c7978714d53452f3742462b79524647504436587147756d6c4c6a38464c6a664c4e6972464c46306f323674696c506b684d77354e2f7743426573496843644b5849546342526f6a305154545831577178616d69713749626b6850755079506b62775070676d346b3649582f7733672f52546e4d3178774e6957477273516177795a31364b576c4b584c5a396358675a5266776339464f4d796e4a4833784d6339535939656e324a572b50374475453953793869556c306e6f47545273795175794579574432472b2b44365166516174386a6f3733596e574e3750366732787868597568634d38444558464c6d34337842356d62334c79584e365579347658796259754962644b682f5a4c6a36355750386a6b7546394a415a6a62684b6871534c616651624b71394e785837436d715166534734734363596e69722b384e483465486873764f626a633277384d6e636562706a664b4e3855766e45307734734d7077634579756936644c463055517667764a74302f5934772f65486969316e6239677862384667636b7a53766f546c4931754a32654239415a47733030302f41683974674e34624c3679325863544b6276444c795570533475326f783470594d754b4e307347796c2b773254432f77446362397a76305570536d7063547170656d3438464c304e573766634d68694c6542424d776a396731665063717965374555743968686876734d3143366d78656861726f51584c3065642f726a5975484d633466547132584e31474e307578634e39584239546a47354467687554433236566d45365a3054556730574646655a2b792f76427144456772436b65785065314e425469794d6578714e7644796439356e6a35484750716558695968435135786f4f476d48686e2b324a683562784d4c454951344954726e524d4c2b4b6a59324d3541724638616a313248734d657062596372716531492f6e426453386d7a426a325a71483568364a694f3066694f6365686a5852766f636c78354b5846314c4d4d6632786355706158464b504c4830633948505278304c542b43592b684e443578784f6c6a4f535075544779517872552f77413857334531776c7641577a7968375a4a4f594a6f673957394867583862444e734e6d324c63656373673130555273636a52426a37346655386542486a717655756a2f5038416c68354a686a4671692b44684c3749786344596273505965345a31327353664959387074525a656739336f384576374d625a6178754d707a31547950526b4e79353547504432486e3477786f344a304c43364c696e496a316a542b44336a6e484a644d625a59787550354f794e46387569744e4d3061486a3644566a79615834427176345939762b5963735438445661516d72386f66384168454c444c715874686c7877636a482f4142504e47384d70644273354f436c4c68433630516655756e6e6f386b366d4d654670742b4466305055656a474d6f746d4e386d676c5665424f72485961574e714e7168506b614879492f474a7036477935344c6a664c3378795855705467754c6e62476f3850467863582b4735755a3138644778735851754c4f686a77374e6f31394e6f54463744396a33474f475a42335a6d6f4c6c4737496e714e6f477872636b4e545478686e4f64735576464b7930334c2f7742364c305855624b4e34656738584f3478736f333072466d2f384e7a536c3674692b6936395447787a2f4141665a6d32705642494d5933314453504e36476950493846554734784f4e4367675337704d51785376584c4b6f32304c6a6244665970656c342f5a6330673855754e3874364668526a59786d7656386c4e2b74595858726e363434782f74696a39355a5235696c396638416a43794d314259615465412b366868693643526a4b6959616b6b6e753650364e5639446e4477383635624b585063754738556547383859592b35426a77324e3535367269356f6d5837464c696c7a74394246364c3058446d46392f376d7632626f6267364e51384567396b554352754a703041786f43395066334a3851624f63394447786c793255744c6f58484f4755323650676f32583846786330624c6934586f2f797a533966423736626a67386c4c69343946797834663642695a6268566851386d7055374c3250306250686a556543556567614d5a37707872564e4d314b712f772f735747796c486a79493478526a65477a6666443278536c4c715851754b4e6d77786a47796a65654f6d35344f656d2b4d724e4c696936504757786a773032335030562f516e6f68346149624f3959476f6564565a5747384e51354f6d7a473668724664564f3339684d62473655622f4149574a3944486d346f3258774e6c304539536c3147786e6775454c46505263636c2f2b48544735636532633459324d3251687438695334792f4467787351537376474a64547a356e384262473744634a5549497462324666414e52536a4c436c376c4f6468767868766f7647482b543257445a536a77796a5a634e3462473330726f34364b566965646a6b754c6a344b62483959656d75655334756f786a77326e507571435a4e614432477048714f326c573847732f593347477248734c523747344c526d746d722f6d6c3930696c4b5846352f665274315575626c3462475032555a5276462b77326563582f34716649732b4d30705467656d4b4d62775934732f4354395962734d6633424c716850516b61767755322b35442f414132496543515451614e636f6d6e3633665965694f7a4c5466464c716339587a2f42536e4132586f62477a5a5975504f4e2b6c4975626a672b524d7063584650474b5570536c4c693474474d62487a6766366578686a3278712b51315638445454685150374d454a305a76714377786943444c577731716857706c3966526959745466444c6a305846475570536a5a61557036773338306f335276516f325844477934705250467a536c4b557053366c364c71584e5a5335734c696c4b5565532f657238312b734870686e4432574d6a556f2f74612f6c79526474543767745235494a6a565376377351753469383475474c482b32483063464c686a66384172696a5932557053362f4a52732f794b58794e34735a79557073656939464b636d78636642795570536c6861557053347065686a3378376b2f6f2f32657779447761584e51394b483130456d5858346e714830527347786d67336a4e332f73702b776d4a36464b584e304b4d3939464c696c47796a5a527359383062472f42527375754b55544b584678536c4b58576c304c77583369346f324a6c4b55754b584678536a793652617454377630636542346150414a5762443050483468626476724347375065412b687a68695234747a6b2f335743596e6c6c4875557278527370536c78536c4b4e6c4b4e6a5a5273754b5575706465696c785478696c45385570536c78536c4b5575505a536e7a696c4b5565466e562b366f624a58476d4a422f6b613339477054424b74663651656f2f496e62462b557a746d703464453068376a75502b79615977767958516f32557052735a536c67796c4b58557052756c4b57464c71556f337155754779366c4c7955705338464b796c4b58464b587a30307562324b5867766b3477693565474d50524451535372317346714e7862656869453057506b7a38343361546262376e2f673363355747744768694e4d62524d7378536a654c6f55757035596f324e6c4b584459324e36464b4e6c4b557649325570635570536c30324f436c78546e4e4c6e63766e464c72696c2f474b576c4c30656837447964757236716a4b616e6849624f4b3165436e665079612f73613463593034486c44375a7239344a3470662b34624c696e735a52756c4738626a634b4e6c4b4e6a47394d4d624e536a5a52764e4c696d6d626d3476384148706c484a644d376c474e38595349494c58573038464f524d542b35734e6e426234452f416e345057492f53662b446f6a346378527a6f4e4563534f2f77444f47774a6977666c6864536c3047304e6f627079584767336a555978346f336f5562472b785276516247793451684345495168504a49526b49664243454951684754366b7a4f69516843454a35494e43436b693650786358306d4b45344e6a6664676c52355037684b6b5131535076556646536d3053456f714e51756945796e646b7a73536a37426445756843663644512f496542354578386a47787370637362474867596f3845776843454951676b7959516d6843665168434549526b304954434549545168354577684b54427048414b6239432f77436931636f6d485a73627437474b4a6c6f4573526f4e766b66597457762b2b4457684c755157772f704e6f3344794450734569457768426945494e4548706a3744474e4451316f4e44305178736f77772f7747483544444436515478314168503467424d6b36427332365168754a426f51546b596837622b562f776776396a516a59624e377753724651704d653257716a36333969776146693142474a6f656850304e6f516a6d784d5168506b6148347837474d59324e6c4778735959666b4e6a5978735978376a4a426f5a4f67544a434549516d684359516d7547346843453651676d454a3042684d542b35616e77784a5148586a35483347477630695165676e5453766c3776774c576559504c6951494672532f356237735346706e583644472b34324e6a5939786a59324e6a5932506359786a7738504447786a5a3839426f2f6c41413359615034414549526b4a684d4a6b617953542f41426169333959597a5266654876412b34545159516954644d676b434c735151315a5533554a61482b616b59516c6a6a443247686a5178376a4739426a59324e6a59324d4e6c477868736f324e6c314b4d7359384951684345456959516843454a715168435168434549734e52503451426a6b784d552b774655792b634e4a58774e66436d38314a37666a462b786154614c626536463957464b454e6445724546737173506e683955464744526f4947494e445178776253474748356a4c444c4c4c774e737567333077684463684d4a4347676843453049516d457043454a684d49516b304979485a53655347345349516d44583445454c6635424d652b324b4f666f2f66416c4345694d582f59626c6345726f336f615962426249722f304176364631506e445977364757677835634c515a59646a664273624b504847663261352f527962596873307056792b784359684b5168506e45494a61435243617a434549547751684345494a454a4d4e78494a4451304a676f662f63593270554e6f4e75434e4b5873596c393845686f59334c792f563437784f42725438455059614950664676722f41474f63474757496335445577734e6a59337158516f32556f2f6b6f38767563472b4950556d7546354e6e514a6b516843455a524347676d457768434d68477945496169454a36494e55614768447a62364b70767739596b324e71476567696b4a355053582f63677847676836466873396b6c643334484b4e5463613542686c68687370536c4c6c2f4f4a6d4d6c4a586871453471454634696273545168446245497959534f534570434549516d35426f6d4549516d526f31457768504a426f516447683976344b61746642714633456e6e41384a4e44446b4e2f7831476245564777687343705249553834507845476950566f4d73734e736f364d3345486b725468574445775748304533595444424f4c78452f596877647a4366596e51516845516e3249524549546b68435a6d45495153494a44524343583079786a494f585654366f31476b336239437a6b74714571345a7050494e67397869316e624362677666326e38796d6c716152616b454a4f317447774e3244397046755455574b776f5744356c354735366e714e386d3839524d65676d374366734d66423444774772734a4f776a36693842612b6d45495168435043454951684d49516d6f6b51684d516b4a305444324765786365326244767576513054585a493237415933683277744a6f78376a45743871583069526868744f48716e6f7a2f784e574f4a6a64773169482f6c792f6f617a2f4546344338532b78665970776561364e48596e735153514e65784a366e714a4f7772345041654538496a734c78456e5939632f714c5873516843454951684345495443596e4f4a6d4549516a495168426f656f7a366a5a52692f693843676e4778735735666c3763456b475347482b332f6e63616c33496e4b626d653052726b687444613448525245536e46536a372f634a6f576c2f30356752427748777073776b2b52726f4e62576730582f30477758456b457544774458734e4f784930476b476b4e4451786b38434b7351384744775956496b7a62746a5749496f626b2b35424968435968434549516843595458596d495455676c3249546b68435959787365464f63727353432b4b572b4b587a62374c6731512f542b44532b42547131716e7937566e6c7354716f31734a756f633247556337386e47577339526a543058366e61593174366d6e504a39722f77424b6142504271516d372f5537424342556b75655850324c58572b6f6f3477596147686a51304d59624835446262324b65346d45324477594545555634694b4b664479466751526e424e43454a30434549515349547141784345386b494e454a35494d59374954684a39574d2f384c384732653942466b6673665a2f592b4c594966435131456d783749556170526a6a307756735171626952505158794c507067686c5a4e52336e413235513064446e36376d4a5151613955637632666d49372b39434b73633945446976596f4d316c52526f33393335456d2b34324e6f59644444555375524f462b52714b464477354477694b4b4b4b2f3247675151574f425945457351684363343449536b7a43596d49516d687430776147694537445250305a59326c696f307964534f50547367314a704e6e71766f58307251307670397872675a52694e7232394178306a5077615638434873524f37484431667251657a386d4f2b4b4a4932486b6e644c63476e597648717846453375516a4b49744b3738422f344f6c52614978324c33657975732b68726f75334f37747839522b527753326a5851736f5454593050317239754479416753737131505a6e6277333733796f2f6b6549686369454d474f52723548356c7359474e6a635067463469785545466a394d653746653250643044734954775477516a4a69483149546b684343524954453549516d68446e54504a4d4e44513146706c4e476b314e4279364762544e657a366b4d584b53573561424c332f414756533377392f6f6e537678532b775375396d6e2b7143534f75375438454e4b302f3030614b72614f436f6b764778477265522b4953744b32625676717a776e525344445557306d2f6a6939637359624f624d7258642b42304b4736573630797666593162717a55354b58432f714e4632384734313246626432614d536e32657146634d65337565513868354b4f7a687352575035334572676a7765455867496f6f496f724953795443454a6950454a6f526b4a7154454951697a4d776871516d495451613945376b784e5344516e676245393855473957332f7267622f396e32477a2f4c39686636483848323531666f307853396b67396537667353436b535242725168426f5748744c384c7533324e6f65614c2b522b584c466e57436b3230754676714e7666304d5431734e5262472f51576c6f4d70334e5767316b502b5a386b4e6f394263672f512b773572396f68577a6446526468684345676b516c6f76444661633631465a4a68435a6843596d496148735349516c495168505a434549516843616345376b4965384f6d75504842427251614a30443150515157434549533450515a564666654d3763676c38364c54386a79453657314e4f6c614e776a53787631334633593536534e4b4752312f6134474c6e714e684366675449677030314846495364684975424a67736567585143454a6f5454454a69454a71535a6d555436454a6f4a4352434549544d45696445495455684c6f546f6779614572364243453845776d43516b516c386965576a56586d49344f2b79386d382b6430786a59684d6538385530694c344776566f46746872453946794c4f757a68637636466c7a375746317462722f4b4c44536476643645424e6569437a727877516d45496f516d435243454951684f784d51684e43487368434457494b64794d684345684b626b3078436245496359654a6945304951684359684e4d4e424355684345495168426149377355363556797264647a636a63656b70367039536a5650714b642f714453696239454e5a6f2f746b686857766876316245633855742b582f516e4b4337425245694546346d7a54434356776e736e544f535a68446a7034364a30666f6d594a4549516843454e734c4d63497945776843556b49516844596843454569666a45784e5345314a71516149747a6c6a39706f4e72463445592b3061632f6e6d526f764e6d2b3461475475322f7578416233733050737633474b5963306638414953317a736f6a34516a674b384d6843454a5349684d516e386a364f6575655365436339454a6c454953457843644d684e64694549516843454a4345385a34495445482b534447763942694d3374397a6166514c4d52516e6768434537496d765270307a703236505a396333457842394454306a6e776337373453314951684345784345495168434549516d7043454a3749544b513054706843626b783644477a71424e424968507669454f5435466a626f684e4f7262476e724f7654426b624a305445504759516d4a694d684f694549544773506e454675516e2b6d6642373648306f734e482b3249547669636b7044794e646478396a544f6e5270305165704d54502b324f5234755569515349516e676d70435968377878305135456965543964432f4f664764794d6d505052436143307879536b396b7847626b375a6d474c6f354f535067684361457a72694578774e39432b2f547954366d754a6a2f32513d3d);
INSERT INTO `userprofile` (`key`, `sex`, `religion`, `profession`, `birthday`, `phone`, `presentlocation`, `hometown`, `school`, `college`, `university`, `userkey`, `image`) VALUES
(2, '', '', '', '0000-00-00', 0, '', '', '', '', '', 2, ''),
(3, '', '', '', '0000-00-00', 0, '', '', '', '', '', 3, ''),
(9, 'Default', 'Default', 'Default', '0000-00-00', 0, 'Default', 'Default', 'Default', 'Default', 'Default', 0, 0x2f396a2f34514159525868705a67414153556b714141674141414141414141414141414141502f734142464564574e726551414241415141414141654141442f34514d746148523063446f764c32357a4c6d466b62324a6c4c6d4e7662533934595841764d5334774c7741385033687759574e725a585167596d566e6157343949752b377679496761575139496c63315454424e63454e6c61476c49656e4a6c5533704f56474e3661324d355a43492f5069413865447034625842745a585268494868746247357a4f6e6739496d466b62324a6c4f6d357a4f6d316c64474576496942344f6e68746348527250534a425a4739695a53425954564167513239795a5341314c6a4d74597a41784d5341324e6934784e4455324e6a4573494449774d5449764d4449764d4459744d5451364e5459364d6a636749434167494341674943492b494478795a475936556b5247494868746247357a4f6e4a6b5a6a30696148523063446f764c336433647935334d793576636d63764d546b354f5338774d6938794d6931795a47597463336c75644746344c57357a4979492b494478795a4759365247567a59334a706348527062323467636d526d4f6d46696233563050534969494868746247357a4f6e6874634430696148523063446f764c32357a4c6d466b62324a6c4c6d4e7662533934595841764d5334774c79496765473173626e4d366547317754553039496d6830644841364c793975637935685a4739695a53356a62323076654746774c7a45754d43397462533869494868746247357a4f6e4e30556d566d50534a6f644852774f693876626e4d7559575276596d5575593239744c336868634338784c6a41766331523563475576556d567a62335679593256535a57596a496942346258413651334a6c59585276636c527662327739496b466b62324a6c4946426f623352766332687663434244557a59674b45316859326c756447397a61436b69494868746345314e4f6b6c7563335268626d4e6c53555139496e687463433570615751364d6b4932513056464e6a6b794e7a41774d5446464e446b30526b46444f554a45516a5930524555304e544d69494868746345314e4f6b5276593356745a57353053555139496e68746343356b615751364d6b4932513056464e6b45794e7a41774d5446464e446b30526b46444f554a45516a5930524555304e544d695069413865473177545530365247567961585a6c5a455a7962323067633352535a5759366157357a644746755932564a52443069654731774c6d6c705a446f79516a5a44525555324e7a49334d4441784d5555304f54524751554d35516b52434e6a5245525451314d794967633352535a5759365a47396a6457316c626e524a52443069654731774c6d52705a446f79516a5a44525555324f4449334d4441784d5555304f54524751554d35516b52434e6a5245525451314d794976506941384c334a6b5a6a70455a584e6a636d6c7764476c76626a3467504339795a475936556b5247506941384c336736654731776257563059543467504439346347466a61325630494756755a4430696369492f50762f75414135425a4739695a51426b774141414141482f327743454142414c4377734d4378414d4442415844773050467873554542415547783858467863584678386546786f6147686f584868346a4a53636c497834764c7a4d7a4c79394151454241514542415145424151454241514541424551385045524d5246524953465251524642455547685157466851614a686f6148426f614a6a416a4868346548694d774b79346e4a7963754b7a55314d4441314e5542415030424151454241514542415145424151502f4141424549415377424c414d4249674143455145444551482f784142344141454241414d42415141414141414141414141414141414151514642674d43415145414141414141414141414141414141414141414141454145414151494442416345434151484141414141414141415149444555454549544742425646686352496951684f5234544a536f62484230584b43497852696f724956385a497a55334d6b42684542414141414141414141414141414141414141414141502f61414177444151414345514d52414438417a706d6355786b6e65415979597941474d6d4d67426a4a6a49415979597941474d6d4d67426a4a6a49415979597941474d6d4d67426a4a6a49415979597941474d6d4d67426a4a6a49415979597941474d6d4d67426a4a6a49415979597941474d6d4d67426a4b347a6769356351536434547641414141414141414141414141414141414141414141414141414141414141414141414679346f755845456e65453777414141414141414141414141414141414141414141414141414141414141414141414263754b4c6c78424a33684f3841414141414141414141414141487259303137553139797a544e5657665248624c6361586b566d694971314d2b72563873624b592b3251614f6d6d7175653752544e553945526a39544b7438713139794d59737a5448385578543962704c566d315a70377471694b49364b597765674f622f414c4a722f6c702f7a4a504a755952354b5a374b6f644b674f5575364c5632636655733152455a34597837596544736d4e714f5861545537626c7549712b656e77316651446c6873745a7957395a78727366713234323465654f476257674141414141414141414141414c6c78526375494a4f384a336741414141414141414141444d3566793635724b735a384e6d6d6646583039564c3430476972316c37757873743037626c585248523279366533626f74555262747833614b597769494238324e50613039754c646d6d4b61593973397230554141414141414247763568796d3171496d3561776f762f414d745861324b41343635525862726d69754a7072703254456f36506d6e4c7164566239533347462b694e6b2f4e487979357a64736e5a4d62344141414141414141414141584c6969356351536434547641414141414141414146694a716d4b6159786d5a77694f755562446b756d6937712f557132303259373335703341334f67306c4f6b30394e7666584f32757270715a534b41414141414141414141434e447a76522b6c646a553052344c6b3456784756587662396a3633547871644e63745a7a474e50346f3277446c41776d4a6d4a32544779594141414141414141414679346f755845456e654537774141414141414141423048497258633063334a6a6264716d65456249632b366e6c315064304e695034492b6b475541414141414141414141414169674f5735705a39485858615933565433342f4e7459725a632b7077316c4e587a5552394579316f414141414141414143356355584c694354764364344141414141414141413676517a6a6f37482f485439546c4854387172697651575a6a4b4f3750624534417a414141414141414141414141415147682f774451542f326255644648317931625963387169646468486c6f706966706c727741414141414141414679346f755845456e65453777414141414141414142764f5158346d3163735476706e767832564e47794f58366a397271364c6b7a344a384e66345a4231596b5445375932776f4141414141414141414143544f4732647973486d2b716a54365371496e783366425478337a3741632f71723033395463766650564f485a75683541414141414141414141755846467934676b37776e65414141414141414141414133334a64623674723974636e3953334868787a70397a614f5074334b3756644e7933506472706e474a6830764c2b5957395a622b573754386448327831417a424641414141414141424a6e4462494a56565452544e5655345578474d7a4f555135665836796458714a75527374787374783165396c3831356e36307a7037452f70523864556561656a736173414141414141414141414263754b4c6c78424a33684f384141414141414141414141665675356374567863743154545854756d48794136445138347458384c642f4333643352506c712b35736e4d61546c6d703155347848637466376c57376847626f644a707632316d4c587156584d504e5639554139774141414151486e6631467254305463765652545448546e324e44722b62584e5645327255546273352f4e5632737a6d504b62312b35566674584a72716e623664575856544c53334c647933584e46796d614b6f33784f774879414141414141414141414141755846467934676b37776e6541414141414141414141394c476e75366937467131546a565073694f6d51664e7533637531786274307a56584f3649623351636d7432634c6d6f7775586438552b576e3732546f4f5832744852733856327234362f736a715a51436741414141414143504c5561577871614f35657069714d707a6a736c37414f5a31334b37326b6d61342f55732f506e48346d45374b716d4b6f6d6d714d596e5a4d53352f6d664b70302b4e2f54784d32664e54766d6a3341316f41414141414141414143356355584c69435476436434414141414141414144367432363774644e7533486572716e4349644e6f4e4462306472757874755666366c665450334d666c47673943333639325031726b62496e79302f664c5a414b414141414141414141414143544554474537596e6643674f643574793739745836316d50304b353278486b6e376d75646863743058614b72646359305652684d4f5831326a72306c2b6263347a524f3233563078376759344141414141414143356355584c694354764364344141414141414132504a39462b34766574636a473162366336737659313946465679756d3352474e56637845523179367a5336656a54574b4c4e486c6a6250544f6367395641414141414141414141414141414142693877306b61765456572f504869747a2f46373255674f4e6d6d615a6d6d714d4a6a5a4d546c493276504e4a334c6b61716950446332562f6936654c56414141414141414c6c78526375494a4f384a3367414141414145557a564d5578746d5a77694f755162626b4f6c37317972553152736f384e453963373238654f6b30386162543057593873625a365a6e6539774141414141414141414141414141414141416557707355366978585a713356786832546c4c6b36364b7264645675754d4b714a6d4a6a7268324451632b3033637630366949384e324d4b7678523767617741414141414263754b4c6c78424a33684f3841414141415a334a7450363273697166687452333537636d43332f41434b7836656c6d375078585a2f6c703251445a71414141414141414141414141414141414141414445356e702f33476a7555783856506a70376157576b673432423761797a2b33315632316c545634657964735045414141414263754b4c6c78424a33684f384141414141776d646b6235325136375432765373573765377555784873687a584c72555864645a6f6e62486537302f6c3858324f704251414141414141414141414141414141414141414555426f656632634c39753945624b3665374d3964502b4c564f693535626976517a566e627169714f50682b317a7341414141414c6c78526375494a4f384a3367414141414e6e79436a7661717575592b436a5a50584d742b31482f6e71634c5636764466564552505a44634141414141414141414141414141414141414141414141386458623958533362654750656f6e447477324f5368325575507530397937585238745578374a4238674141414c6c78526375494a4f3857634d637a5a316767757a724e6e574343374f733264594f69354a54686f4b5a2b6171716670776242686370772f74396e446f6e2b71576141414141414141414141414141414141414141414141434f57356c544647767678473661736662474c716e4d6333772f7546333876394d417778646e57624f73454632645a7336775263754a73367a5a686d442f2f32513d3d),
(10, 'ass', '', 'as', '0000-00-00', 0, '', '', '', '', '', 14, ''),
(11, '', '', '', '0000-00-00', 0, '', '', '', '', '', 15, '');

--
-- Indexes for dumped tables
--

--
-- Indexes for table `admin`
--
ALTER TABLE `admin`
  ADD PRIMARY KEY (`adminkey`);

--
-- Indexes for table `food`
--
ALTER TABLE `food`
  ADD PRIMARY KEY (`foodkey`);

--
-- Indexes for table `fooddescription`
--
ALTER TABLE `fooddescription`
  ADD PRIMARY KEY (`id`);

--
-- Indexes for table `owner`
--
ALTER TABLE `owner`
  ADD PRIMARY KEY (`ownerkey`);

--
-- Indexes for table `ownerprofile`
--
ALTER TABLE `ownerprofile`
  ADD PRIMARY KEY (`key`);

--
-- Indexes for table `request`
--
ALTER TABLE `request`
  ADD PRIMARY KEY (`requestkey`);

--
-- Indexes for table `restaurant`
--
ALTER TABLE `restaurant`
  ADD PRIMARY KEY (`reskey`);

--
-- Indexes for table `review`
--
ALTER TABLE `review`
  ADD PRIMARY KEY (`id`);

--
-- Indexes for table `user`
--
ALTER TABLE `user`
  ADD PRIMARY KEY (`userkey`);

--
-- Indexes for table `userprofile`
--
ALTER TABLE `userprofile`
  ADD PRIMARY KEY (`key`);

--
-- AUTO_INCREMENT for dumped tables
--

--
-- AUTO_INCREMENT for table `admin`
--
ALTER TABLE `admin`
  MODIFY `adminkey` int(11) NOT NULL AUTO_INCREMENT,AUTO_INCREMENT=3;
--
-- AUTO_INCREMENT for table `food`
--
ALTER TABLE `food`
  MODIFY `foodkey` int(11) NOT NULL AUTO_INCREMENT,AUTO_INCREMENT=59;
--
-- AUTO_INCREMENT for table `fooddescription`
--
ALTER TABLE `fooddescription`
  MODIFY `id` int(11) NOT NULL AUTO_INCREMENT;
--
-- AUTO_INCREMENT for table `owner`
--
ALTER TABLE `owner`
  MODIFY `ownerkey` int(11) NOT NULL AUTO_INCREMENT,AUTO_INCREMENT=10;
--
-- AUTO_INCREMENT for table `ownerprofile`
--
ALTER TABLE `ownerprofile`
  MODIFY `key` int(11) NOT NULL AUTO_INCREMENT,AUTO_INCREMENT=6;
--
-- AUTO_INCREMENT for table `request`
--
ALTER TABLE `request`
  MODIFY `requestkey` int(11) NOT NULL AUTO_INCREMENT,AUTO_INCREMENT=22;
--
-- AUTO_INCREMENT for table `restaurant`
--
ALTER TABLE `restaurant`
  MODIFY `reskey` int(11) NOT NULL AUTO_INCREMENT,AUTO_INCREMENT=20;
--
-- AUTO_INCREMENT for table `review`
--
ALTER TABLE `review`
  MODIFY `id` int(11) NOT NULL AUTO_INCREMENT,AUTO_INCREMENT=14;
--
-- AUTO_INCREMENT for table `user`
--
ALTER TABLE `user`
  MODIFY `userkey` int(11) NOT NULL AUTO_INCREMENT,AUTO_INCREMENT=16;
--
-- AUTO_INCREMENT for table `userprofile`
--
ALTER TABLE `userprofile`
  MODIFY `key` int(11) NOT NULL AUTO_INCREMENT,AUTO_INCREMENT=12;
/*!40101 SET CHARACTER_SET_CLIENT=@OLD_CHARACTER_SET_CLIENT */;
/*!40101 SET CHARACTER_SET_RESULTS=@OLD_CHARACTER_SET_RESULTS */;
/*!40101 SET COLLATION_CONNECTION=@OLD_COLLATION_CONNECTION */;
